name,logo,mitra_brand_name,location,link
"Efficiency Energy Enthusiast (Management Energy Specialist, Data Analyst and Junior Auditor Energy )",https://storage.googleapis.com/kampusmerdeka_kemdikbud_go_id/mitra/mitra_fd27246c-fb94-44d2-b8bc-7d91041a83bb.png,Kementerian Energi Dan Sumber Daya Mineral,Kota Jakarta Pusat,https://kampusmerdeka.kemdikbud.go.id/program/magang/browse/0bdb6c85-4efe-437a-9b49-413b92b60ccd/905474e9-f2f2-11ee-9129-da28f9df4d8d
Financial Development: Finance & Sustainable Fundraising,https://storage.googleapis.com/kampusmerdeka_kemdikbud_go_id/mitra/mitra_b3a748eb-d42e-4503-9121-4b24ad96111f.png,Bakrie Center Foundation,Kota Makassar,https://kampusmerdeka.kemdikbud.go.id/program/magang/browse/e4eed999-a45f-4a7f-911f-ffd5a9019725/13366996-0463-11ef-9e17-0a54edb93563
Financial Development: Finance,https://storage.googleapis.com/kampusmerdeka_kemdikbud_go_id/mitra/mitra_b3a748eb-d42e-4503-9121-4b24ad96111f.png,Bakrie Center Foundation,Kota Bandar Lampung,https://kampusmerdeka.kemdikbud.go.id/program/magang/browse/e4eed999-a45f-4a7f-911f-ffd5a9019725/95e88b8d-044a-11ef-bb7f-6ac06bc5928b
Financial Development: Finance,https://storage.googleapis.com/kampusmerdeka_kemdikbud_go_id/mitra/mitra_b3a748eb-d42e-4503-9121-4b24ad96111f.png,Bakrie Center Foundation,Kota Serang,https://kampusmerdeka.kemdikbud.go.id/program/magang/browse/e4eed999-a45f-4a7f-911f-ffd5a9019725/25e8ee5a-0451-11ef-866a-ca0bbc909a4f
Financial Development: Finance & Sustainable Fundraising,https://storage.googleapis.com/kampusmerdeka_kemdikbud_go_id/mitra/mitra_b3a748eb-d42e-4503-9121-4b24ad96111f.png,Bakrie Center Foundation,Kota Mataram,https://kampusmerdeka.kemdikbud.go.id/program/magang/browse/e4eed999-a45f-4a7f-911f-ffd5a9019725/654644ef-0479-11ef-8394-36f764739585
Financial Development: Finance & Sustainable Fundraising,https://storage.googleapis.com/kampusmerdeka_kemdikbud_go_id/mitra/mitra_b3a748eb-d42e-4503-9121-4b24ad96111f.png,Bakrie Center Foundation,Kota Pekanbaru,https://kampusmerdeka.kemdikbud.go.id/program/magang/browse/e4eed999-a45f-4a7f-911f-ffd5a9019725/42b66ae6-0476-11ef-9e17-0a54edb93563
Financial Development: Finance,https://storage.googleapis.com/kampusmerdeka_kemdikbud_go_id/mitra/mitra_b3a748eb-d42e-4503-9121-4b24ad96111f.png,Bakrie Center Foundation,Kota Medan,https://kampusmerdeka.kemdikbud.go.id/program/magang/browse/e4eed999-a45f-4a7f-911f-ffd5a9019725/36eac8eb-03eb-11ef-9b3e-022ae5f04a49
Financial Development: Finance & Sustainable Fundraising,https://storage.googleapis.com/kampusmerdeka_kemdikbud_go_id/mitra/mitra_b3a748eb-d42e-4503-9121-4b24ad96111f.png,Bakrie Center Foundation,Kota Surabaya,https://kampusmerdeka.kemdikbud.go.id/program/magang/browse/e4eed999-a45f-4a7f-911f-ffd5a9019725/d7225354-045b-11ef-9e17-0a54edb93563
Financial Development: Finance & Sustainable Fundraising,https://storage.googleapis.com/kampusmerdeka_kemdikbud_go_id/mitra/mitra_b3a748eb-d42e-4503-9121-4b24ad96111f.png,Bakrie Center Foundation,Kota Palembang,https://kampusmerdeka.kemdikbud.go.id/program/magang/browse/e4eed999-a45f-4a7f-911f-ffd5a9019725/c8ee0e31-043f-11ef-a18b-c22282289220
Financial Development: Finance & Sustainable Fundraising,https://storage.googleapis.com/kampusmerdeka_kemdikbud_go_id/mitra/mitra_b3a748eb-d42e-4503-9121-4b24ad96111f.png,Bakrie Center Foundation,Kota Padang,https://kampusmerdeka.kemdikbud.go.id/program/magang/browse/e4eed999-a45f-4a7f-911f-ffd5a9019725/d8466821-046c-11ef-9b3e-022ae5f04a49
Financial Development: Finance & Sustainable Fundraising,https://storage.googleapis.com/kampusmerdeka_kemdikbud_go_id/mitra/mitra_b3a748eb-d42e-4503-9121-4b24ad96111f.png,Bakrie Center Foundation,Kota Jakarta Selatan,https://kampusmerdeka.kemdikbud.go.id/program/magang/browse/e4eed999-a45f-4a7f-911f-ffd5a9019725/861078f4-0455-11ef-bb7f-6ac06bc5928b
Finance,https://storage.googleapis.com/kampusmerdeka_kemdikbud_go_id/mitra/mitra_6b8e74a1-3d29-4edb-b977-9fe301b3a34c.png,PND Ice Making System,Kota Jakarta Pusat,https://kampusmerdeka.kemdikbud.go.id/program/magang/browse/88741943-f3d5-4fd6-b8c1-b0c737280957/8d5c30aa-02f5-11ef-bb7f-6ac06bc5928b
Financial Report and Verification & Treasury Officer - PT Len Rekaprima Semesta,https://storage.googleapis.com/kampusmerdeka_kemdikbud_go_id/mitra/mitra_93c8881a-815c-4c7e-9265-4daae8e993e8.jpg,Defend ID,Kota Bandung,https://kampusmerdeka.kemdikbud.go.id/program/magang/browse/8135ee87-dd9e-4354-ba00-4b8d4fc120db/fb63aa5d-0495-11ef-9b3e-022ae5f04a49
Finance - Pajak & Accounting,https://storage.googleapis.com/kampusmerdeka_kemdikbud_go_id/mitra/mitra_8991942d-414d-43e6-8467-c6ba4c9b30e7.png,Kobi Education,Kota Bandung,https://kampusmerdeka.kemdikbud.go.id/program/magang/browse/f955ae2c-d5f9-4bd3-b7d8-f3c5f3adc323/bf999141-fbd0-11ee-877d-ee833f3bb5c3
Finance AR,https://storage.googleapis.com/kampusmerdeka_kemdikbud_go_id/mitra/mitra_8991942d-414d-43e6-8467-c6ba4c9b30e7.png,Kobi Education,Kota Bandung,https://kampusmerdeka.kemdikbud.go.id/program/magang/browse/f955ae2c-d5f9-4bd3-b7d8-f3c5f3adc323/acf299d3-fbd0-11ee-877d-ee833f3bb5c3
Finance AP,https://storage.googleapis.com/kampusmerdeka_kemdikbud_go_id/mitra/mitra_8991942d-414d-43e6-8467-c6ba4c9b30e7.png,Kobi Education,Kota Bandung,https://kampusmerdeka.kemdikbud.go.id/program/magang/browse/f955ae2c-d5f9-4bd3-b7d8-f3c5f3adc323/a288bd98-fbd0-11ee-b3c3-42bfe4d30846
Finance & Accounting Intern,https://storage.googleapis.com/kampusmerdeka_kemdikbud_go_id/mitra/mitra_e247dd6b-c26c-4ead-8af4-7d28eb8d6462.png,RINGKAS,Kota Jakarta Selatan,https://kampusmerdeka.kemdikbud.go.id/program/magang/browse/1c65ab60-8b64-4a70-9422-daddef4d9782/3a6bd846-02cd-11ef-9dcc-be99d12807bd
Finance Accounting & Tax ,https://storage.googleapis.com/kampusmerdeka_kemdikbud_go_id/mitra/mitra_40711b82-62bf-403d-8d0e-a8b174749fd0.png,Sagara Technology,Kota Jakarta Pusat,https://kampusmerdeka.kemdikbud.go.id/program/magang/browse/00037ae0-9dae-4d54-aeef-c0b418675a47/7f504d2c-e4db-11ee-94f2-b2ad01318d16
Finance - Finance Assistant Support,https://storage.googleapis.com/kampusmerdeka_kemdikbud_go_id/mitra/mitra_df1a48c4-c272-4def-9ca5-0f905ac03742.png,Kompas Gramedia,Kota Jakarta Pusat,https://kampusmerdeka.kemdikbud.go.id/program/magang/browse/c8bece01-8738-4a37-90f9-3d0302da1cd7/362b189e-fe12-11ee-8a41-f67d68bd6616
DM - Finance & Accounting,https://storage.googleapis.com/kampusmerdeka_kemdikbud_go_id/mitra/mitra_df1a48c4-c272-4def-9ca5-0f905ac03742.png,Kompas Gramedia,Kota Jakarta Pusat,https://kampusmerdeka.kemdikbud.go.id/program/magang/browse/c8bece01-8738-4a37-90f9-3d0302da1cd7/f84df7be-00d0-11ef-ac63-7e456e52b7d0
DYS - Finance and Accounting,https://storage.googleapis.com/kampusmerdeka_kemdikbud_go_id/mitra/mitra_df1a48c4-c272-4def-9ca5-0f905ac03742.png,Kompas Gramedia,Kota Jakarta Pusat,https://kampusmerdeka.kemdikbud.go.id/program/magang/browse/c8bece01-8738-4a37-90f9-3d0302da1cd7/8743abbd-00c9-11ef-9733-ca7bef2c0196
Tax Assistant,https://storage.googleapis.com/kampusmerdeka_kemdikbud_go_id/mitra/mitra_c48811fd-b4a4-478c-b09e-50c60a43d9e3.png,Gold Coin Group - Aboitiz Company,Kota Bekasi,https://kampusmerdeka.kemdikbud.go.id/program/magang/browse/fa33d5bb-586b-4d2a-aba5-dddabdbc2da7/00c20506-fd3d-11ee-9648-aa9bf47860c9
Accounting,https://storage.googleapis.com/kampusmerdeka_kemdikbud_go_id/mitra/mitra_c48811fd-b4a4-478c-b09e-50c60a43d9e3.png,Gold Coin Group - Aboitiz Company,Kota Bekasi,https://kampusmerdeka.kemdikbud.go.id/program/magang/browse/fa33d5bb-586b-4d2a-aba5-dddabdbc2da7/8d3ff57a-fd6d-11ee-8a41-f67d68bd6616
Finance Assistant,https://storage.googleapis.com/kampusmerdeka_kemdikbud_go_id/mitra/mitra_c48811fd-b4a4-478c-b09e-50c60a43d9e3.png,Gold Coin Group - Aboitiz Company,Kota Bekasi,https://kampusmerdeka.kemdikbud.go.id/program/magang/browse/fa33d5bb-586b-4d2a-aba5-dddabdbc2da7/e2e3c29f-0156-11ef-9733-ca7bef2c0196
ULIP Finance,https://storage.googleapis.com/kampusmerdeka_kemdikbud_go_id/mitra/mitra_a3978895-eede-4ec7-b6a2-fdec247e0242.png,Unilever Indonesia,Kab. Tangerang,https://kampusmerdeka.kemdikbud.go.id/program/magang/browse/d51cb5a8-0ee1-4eab-8ae1-5c0316aae0b1/3e4a18b1-f253-11ee-9129-da28f9df4d8d
AR Finance Intern,https://storage.googleapis.com/kampusmerdeka_kemdikbud_go_id/mitra/mitra_25022063-85e1-406f-8eaa-0753267eca7b.png,RedDoorz,Kota Jakarta Selatan,https://kampusmerdeka.kemdikbud.go.id/program/magang/browse/9af2f24b-f9c4-4597-8f85-dd83dacba8ad/2e46d2f9-dd23-11ee-9fa7-1e338b798a67
AR Finance (Property) Intern,https://storage.googleapis.com/kampusmerdeka_kemdikbud_go_id/mitra/mitra_25022063-85e1-406f-8eaa-0753267eca7b.png,RedDoorz,Kota Jakarta Selatan,https://kampusmerdeka.kemdikbud.go.id/program/magang/browse/9af2f24b-f9c4-4597-8f85-dd83dacba8ad/b90c7a65-dd23-11ee-9fa7-1e338b798a67
Accounting,https://storage.googleapis.com/kampusmerdeka_kemdikbud_go_id/mitra/mitra_7a5c2aa6-cbc7-4977-a442-148cb4d5f23c.png,THE KANJENG HOTELS,Kota Denpasar,https://kampusmerdeka.kemdikbud.go.id/program/magang/browse/775533df-9f97-4b12-9614-b7213f251348/c6129d9d-fcae-11ee-877d-ee833f3bb5c3
Finance & Accounting Intern,https://storage.googleapis.com/kampusmerdeka_kemdikbud_go_id/mitra/mitra_76095e96-1da0-4e72-8d42-22af38824cdf.jpg,Samsung Indonesia,Kota Jakarta Pusat,https://kampusmerdeka.kemdikbud.go.id/program/magang/browse/1a34c96b-492b-485f-96a3-fd25023957e3/6d789561-fbd5-11ee-877d-ee833f3bb5c3
Finance Event Lomba Film Pendek,https://storage.googleapis.com/kampusmerdeka_kemdikbud_go_id/mitra/mitra_685458b8-e475-40ee-86ee-fdde4f2f3f96.png,PFN,Kota Jakarta Timur,https://kampusmerdeka.kemdikbud.go.id/program/magang/browse/eb82412e-5cff-42ae-ad24-48e4b53b6c65/cd5108d5-f2fe-11ee-af0a-42786e9b30fb
Accounting & Finance Intern (Gorontalo),https://storage.googleapis.com/kampusmerdeka_kemdikbud_go_id/mitra/mitra_f335a7a3-3b0e-430f-9f38-5e9511f84207.png,Gobel Group,Kota Jakarta Timur,https://kampusmerdeka.kemdikbud.go.id/program/magang/browse/23d6c499-1b8f-477f-be8e-583a7fe73382/ef792976-1355-11ef-8c1c-ea06c2d259d2
Accounting & Finance Intern (Bekasi),https://storage.googleapis.com/kampusmerdeka_kemdikbud_go_id/mitra/mitra_f335a7a3-3b0e-430f-9f38-5e9511f84207.png,Gobel Group,Kota Jakarta Timur,https://kampusmerdeka.kemdikbud.go.id/program/magang/browse/23d6c499-1b8f-477f-be8e-583a7fe73382/1823253c-062b-11ef-90af-26a5d6fd9662
Accounting & Finance Intern (Bogor),https://storage.googleapis.com/kampusmerdeka_kemdikbud_go_id/mitra/mitra_f335a7a3-3b0e-430f-9f38-5e9511f84207.png,Gobel Group,Kota Jakarta Timur,https://kampusmerdeka.kemdikbud.go.id/program/magang/browse/23d6c499-1b8f-477f-be8e-583a7fe73382/6e94667d-1355-11ef-8512-a27b9021b118
Accounting & Finance Intern (Jakarta),https://storage.googleapis.com/kampusmerdeka_kemdikbud_go_id/mitra/mitra_f335a7a3-3b0e-430f-9f38-5e9511f84207.png,Gobel Group,Kota Jakarta Timur,https://kampusmerdeka.kemdikbud.go.id/program/magang/browse/23d6c499-1b8f-477f-be8e-583a7fe73382/79151f78-1358-11ef-8931-32e2a1a3a5fd
Accounting,https://storage.googleapis.com/kampusmerdeka_kemdikbud_go_id/mitra/mitra_cabe3843-a912-4441-bad5-81d1fcc5e418.png,Gerakan Nasional Indonesia Kompeten (GNIK),Kota Manado,https://kampusmerdeka.kemdikbud.go.id/program/magang/browse/823ec9fb-a929-460a-8af6-8a90e0dd777a/52478d80-0781-11ef-ab3a-4ed2ca689a53
Tax,https://storage.googleapis.com/kampusmerdeka_kemdikbud_go_id/mitra/mitra_cabe3843-a912-4441-bad5-81d1fcc5e418.png,Gerakan Nasional Indonesia Kompeten (GNIK),Kota Jakarta Pusat,https://kampusmerdeka.kemdikbud.go.id/program/magang/browse/823ec9fb-a929-460a-8af6-8a90e0dd777a/ac517f11-07c7-11ef-8dcc-56f712d85def
Finance & Accounting Staf,https://storage.googleapis.com/kampusmerdeka_kemdikbud_go_id/mitra/mitra_cabe3843-a912-4441-bad5-81d1fcc5e418.png,Gerakan Nasional Indonesia Kompeten (GNIK),Kota Batam,https://kampusmerdeka.kemdikbud.go.id/program/magang/browse/823ec9fb-a929-460a-8af6-8a90e0dd777a/ab985344-0494-11ef-9b3e-022ae5f04a49
Finance & Accounting,https://storage.googleapis.com/kampusmerdeka_kemdikbud_go_id/mitra/mitra_cabe3843-a912-4441-bad5-81d1fcc5e418.png,Gerakan Nasional Indonesia Kompeten (GNIK),Kota Surakarta,https://kampusmerdeka.kemdikbud.go.id/program/magang/browse/823ec9fb-a929-460a-8af6-8a90e0dd777a/9b8eff8b-0630-11ef-87a3-36f764739585
Accounting,https://storage.googleapis.com/kampusmerdeka_kemdikbud_go_id/mitra/mitra_cabe3843-a912-4441-bad5-81d1fcc5e418.png,Gerakan Nasional Indonesia Kompeten (GNIK),Kota Batam,https://kampusmerdeka.kemdikbud.go.id/program/magang/browse/823ec9fb-a929-460a-8af6-8a90e0dd777a/1a4c8acb-062e-11ef-90af-26a5d6fd9662
Staff Finance Accounting,https://storage.googleapis.com/kampusmerdeka_kemdikbud_go_id/mitra/mitra_cabe3843-a912-4441-bad5-81d1fcc5e418.png,Gerakan Nasional Indonesia Kompeten (GNIK),Kab. Bogor,https://kampusmerdeka.kemdikbud.go.id/program/magang/browse/823ec9fb-a929-460a-8af6-8a90e0dd777a/8abd4c64-06ee-11ef-ba4d-46efdba2ffb0
Finance Assistant,https://storage.googleapis.com/kampusmerdeka_kemdikbud_go_id/mitra/mitra_cabe3843-a912-4441-bad5-81d1fcc5e418.png,Gerakan Nasional Indonesia Kompeten (GNIK),Kota Jakarta Pusat,https://kampusmerdeka.kemdikbud.go.id/program/magang/browse/823ec9fb-a929-460a-8af6-8a90e0dd777a/ef0306df-0487-11ef-bb03-ceeddaa1b367
Finance Accounting - Cost Accounting Management (Unit MB),https://storage.googleapis.com/kampusmerdeka_kemdikbud_go_id/mitra/mitra_eb8eb0d4-24b3-439f-8a5c-708f2e56019e.jpg,Martha Tilaar Group,Kota Jakarta Timur,https://kampusmerdeka.kemdikbud.go.id/program/magang/browse/65f46082-7c36-4885-bbb0-ad5591c80934/6812c378-02b1-11ef-98a1-c2fa75b94ea6
Accounting,https://storage.googleapis.com/kampusmerdeka_kemdikbud_go_id/mitra/mitra_eb8eb0d4-24b3-439f-8a5c-708f2e56019e.jpg,Martha Tilaar Group,Kota Jakarta Timur,https://kampusmerdeka.kemdikbud.go.id/program/magang/browse/65f46082-7c36-4885-bbb0-ad5591c80934/c56f5f0f-02a7-11ef-829a-72f05e45eff5
FA - Accounting Mgt For Inventory Retail Toko,https://storage.googleapis.com/kampusmerdeka_kemdikbud_go_id/mitra/mitra_eb8eb0d4-24b3-439f-8a5c-708f2e56019e.jpg,Martha Tilaar Group,Kota Jakarta Timur,https://kampusmerdeka.kemdikbud.go.id/program/magang/browse/65f46082-7c36-4885-bbb0-ad5591c80934/5697a7e3-02aa-11ef-bb7f-6ac06bc5928b
Finance (Unit CDF),https://storage.googleapis.com/kampusmerdeka_kemdikbud_go_id/mitra/mitra_eb8eb0d4-24b3-439f-8a5c-708f2e56019e.jpg,Martha Tilaar Group,Kota Jakarta Timur,https://kampusmerdeka.kemdikbud.go.id/program/magang/browse/65f46082-7c36-4885-bbb0-ad5591c80934/0b94525c-02ac-11ef-98a1-c2fa75b94ea6
Finance (Unit MB),https://storage.googleapis.com/kampusmerdeka_kemdikbud_go_id/mitra/mitra_eb8eb0d4-24b3-439f-8a5c-708f2e56019e.jpg,Martha Tilaar Group,Kota Jakarta Timur,https://kampusmerdeka.kemdikbud.go.id/program/magang/browse/65f46082-7c36-4885-bbb0-ad5591c80934/069162a9-02ae-11ef-829a-72f05e45eff5
Commercial Finance,https://storage.googleapis.com/kampusmerdeka_kemdikbud_go_id/mitra/mitra_8b203f6e-4f2e-4bae-8dc9-6cefb02a6bc0.png,Kalbe Nutritionals,Kab. Karawang,https://kampusmerdeka.kemdikbud.go.id/program/magang/browse/6cbffa21-086d-4887-ae92-479789e80772/4215c61a-fc83-11ee-b3c3-42bfe4d30846
Finance Intern,https://storage.googleapis.com/kampusmerdeka_kemdikbud_go_id/mitra/mitra_73e9e125-4cbc-404e-9515-2cffaab997a3.png,Hilton Garden Inn Bali Ngurah Rai Airport,Kab. Badung,https://kampusmerdeka.kemdikbud.go.id/program/magang/browse/fcb13378-8f66-487d-b35c-d2a14e3a9ebe/be073265-f8a7-11ee-9129-da28f9df4d8d
Finance Executive intern														,https://storage.googleapis.com/kampusmerdeka_kemdikbud_go_id/mitra/mitra_2ea4668a-bafa-4e0b-a5d3-3305132a923e.png,Persatuan Sepak Bola Seluruh  Indonesia ,Kota Jakarta Pusat,https://kampusmerdeka.kemdikbud.go.id/program/magang/browse/e2fd7b87-be04-45f3-8cb4-cf407cb051e7/591d1aa7-02de-11ef-98a1-c2fa75b94ea6
Finance & Accounting,https://storage.googleapis.com/kampusmerdeka_kemdikbud_go_id/mitra/mitra_7ddce895-b2dc-483c-ad01-49f3f6f2510c.jpg,Crustea,Kota Semarang,https://kampusmerdeka.kemdikbud.go.id/program/magang/browse/de2466e3-1dd5-418d-a4df-83cc7dbafbd0/7e404d72-0317-11ef-bb7f-6ac06bc5928b
Finance & Administration,https://storage.googleapis.com/kampusmerdeka_kemdikbud_go_id/mitra/mitra_cf183da1-1dca-4775-a858-5f5595344549.png,EUREKA EDUTECH,Kota Jakarta Selatan,https://kampusmerdeka.kemdikbud.go.id/program/magang/browse/4a46b924-8c7e-4cf8-b31a-0d3f226b6ac9/6b3e3606-0062-11ef-9733-ca7bef2c0196
Accounting Intern,https://storage.googleapis.com/kampusmerdeka_kemdikbud_go_id/mitra/mitra_b76494ae-980d-4a68-9115-38613dc21698.png,Shipper,Kota Jakarta Pusat,https://kampusmerdeka.kemdikbud.go.id/program/magang/browse/648a1e21-4b5d-4a2c-b02e-2ead74eae085/4897b3cd-fc9b-11ee-be48-1676ae1015eb
Tax Intern,https://storage.googleapis.com/kampusmerdeka_kemdikbud_go_id/mitra/mitra_b76494ae-980d-4a68-9115-38613dc21698.png,Shipper,Kota Jakarta Pusat,https://kampusmerdeka.kemdikbud.go.id/program/magang/browse/648a1e21-4b5d-4a2c-b02e-2ead74eae085/0484f172-fc98-11ee-877d-ee833f3bb5c3
Commercial Finance Intern,https://storage.googleapis.com/kampusmerdeka_kemdikbud_go_id/mitra/mitra_b76494ae-980d-4a68-9115-38613dc21698.png,Shipper,Kota Jakarta Pusat,https://kampusmerdeka.kemdikbud.go.id/program/magang/browse/648a1e21-4b5d-4a2c-b02e-2ead74eae085/b2516f8e-fc7e-11ee-877d-ee833f3bb5c3
Financial Advisor,https://storage.googleapis.com/kampusmerdeka_kemdikbud_go_id/mitra/mitra_eff7c3ae-e214-45e4-8775-6478fa960061.png,OK OCE INDONESIA,Kota Jakarta Selatan,https://kampusmerdeka.kemdikbud.go.id/program/magang/browse/22dfc9ba-16b2-4509-9ef9-97ec8688c0a9/ed502861-fc73-11ee-be48-1676ae1015eb
Finance Staff,https://storage.googleapis.com/kampusmerdeka_kemdikbud_go_id/mitra/mitra_db3f9016-595a-478b-baf4-2cb141352972.png,TRANS ENTERTAINMENT,Kota Jakarta Selatan,https://kampusmerdeka.kemdikbud.go.id/program/magang/browse/dff60c91-4bd8-475e-b2bc-e7e123c7f4bf/c513bf8b-fd2e-11ee-9fea-06679b4bd1c5
Accounting Staff,https://storage.googleapis.com/kampusmerdeka_kemdikbud_go_id/mitra/mitra_db3f9016-595a-478b-baf4-2cb141352972.png,TRANS ENTERTAINMENT,Kota Jakarta Selatan,https://kampusmerdeka.kemdikbud.go.id/program/magang/browse/dff60c91-4bd8-475e-b2bc-e7e123c7f4bf/74acf47f-fd2d-11ee-877d-ee833f3bb5c3
⁠People Development Analyst Intern - Banking Industry (Jakarta),https://storage.googleapis.com/kampusmerdeka_kemdikbud_go_id/mitra/mitra_7ac6931b-34e0-4449-a7a8-5cbf6aec5ee8.png,MCorp,Kota Jakarta Selatan,https://kampusmerdeka.kemdikbud.go.id/program/magang/browse/028084b2-2adb-4757-a382-072513828e02/ed64a1fe-f5c0-11ee-af0a-42786e9b30fb
Magang Corporate Finance & Treasury Non Nickel Verification,https://storage.googleapis.com/kampusmerdeka_kemdikbud_go_id/mitra/mitra_a9d6ab6f-2035-4811-8142-93818c57b54c.jpg,ANTAM Tbk.,Kota Jakarta Selatan,https://kampusmerdeka.kemdikbud.go.id/program/magang/browse/dec21a6a-3144-4109-a05a-8e1d36aacd34/e31d98e0-0071-11ef-ac63-7e456e52b7d0
Accounting & Tax Management Support & Admin Intern,https://storage.googleapis.com/kampusmerdeka_kemdikbud_go_id/mitra/mitra_a9d6ab6f-2035-4811-8142-93818c57b54c.jpg,ANTAM Tbk.,Kota Jakarta Selatan,https://kampusmerdeka.kemdikbud.go.id/program/magang/browse/dec21a6a-3144-4109-a05a-8e1d36aacd34/489ee859-014c-11ef-ac63-7e456e52b7d0
Magang Administrasi Treasury & Verification Logam Mulia,https://storage.googleapis.com/kampusmerdeka_kemdikbud_go_id/mitra/mitra_a9d6ab6f-2035-4811-8142-93818c57b54c.jpg,ANTAM Tbk.,Kota Jakarta Selatan,https://kampusmerdeka.kemdikbud.go.id/program/magang/browse/dec21a6a-3144-4109-a05a-8e1d36aacd34/f2f2fafc-0061-11ef-ba24-e26d212b611d
Magang Corporate Finance & Treasury Investment Bureau,https://storage.googleapis.com/kampusmerdeka_kemdikbud_go_id/mitra/mitra_a9d6ab6f-2035-4811-8142-93818c57b54c.jpg,ANTAM Tbk.,Kota Jakarta Selatan,https://kampusmerdeka.kemdikbud.go.id/program/magang/browse/dec21a6a-3144-4109-a05a-8e1d36aacd34/8f127ad9-0073-11ef-ac63-7e456e52b7d0
Magang Corporate Finance & Treasury Corporate Finance Bureau,https://storage.googleapis.com/kampusmerdeka_kemdikbud_go_id/mitra/mitra_a9d6ab6f-2035-4811-8142-93818c57b54c.jpg,ANTAM Tbk.,Kota Jakarta Selatan,https://kampusmerdeka.kemdikbud.go.id/program/magang/browse/dec21a6a-3144-4109-a05a-8e1d36aacd34/810e6716-0075-11ef-9733-ca7bef2c0196
Financial Planning Analyst Bureau,https://storage.googleapis.com/kampusmerdeka_kemdikbud_go_id/mitra/mitra_a9d6ab6f-2035-4811-8142-93818c57b54c.jpg,ANTAM Tbk.,Kota Jakarta Selatan,https://kampusmerdeka.kemdikbud.go.id/program/magang/browse/dec21a6a-3144-4109-a05a-8e1d36aacd34/9108f003-0149-11ef-ac63-7e456e52b7d0
CSR & ER Accounting Intern,https://storage.googleapis.com/kampusmerdeka_kemdikbud_go_id/mitra/mitra_a9d6ab6f-2035-4811-8142-93818c57b54c.jpg,ANTAM Tbk.,Kota Jakarta Selatan,https://kampusmerdeka.kemdikbud.go.id/program/magang/browse/dec21a6a-3144-4109-a05a-8e1d36aacd34/efacd872-fc81-11ee-be48-1676ae1015eb
"Public Relation Executive, Marketing Communication Executive, Account Executive, Graphic Designer, IT Executive, Human Resources Executive, Finance & Accounting Executive",https://storage.googleapis.com/kampusmerdeka_kemdikbud_go_id/mitra/mitra_09586f82-4012-4dfe-ab82-9535e2d8e3ab.jpg,FORTUNA,Kota Jakarta Selatan,https://kampusmerdeka.kemdikbud.go.id/program/magang/browse/d46e2914-c73c-40a9-8267-d37140e70d1f/94deff4b-eb45-11ee-b064-16cd1757bbe4
Blibli Finance & Legal Internship,https://storage.googleapis.com/kampusmerdeka_kemdikbud_go_id/mitra/mitra_63495e22-2f4b-4f05-86d1-c8ee9978118c.png,Blibli.com,Kota Jakarta Pusat,https://kampusmerdeka.kemdikbud.go.id/program/magang/browse/508a13b3-ad8d-410d-8c64-8e1e9c154cf8/8e5084fa-fad4-11ee-8418-a2b4dbc792e0
Finance Staff,https://storage.googleapis.com/kampusmerdeka_kemdikbud_go_id/mitra/mitra_ab0afdc3-6faf-4fb6-889f-8df01dfcdaf7.png,MG GROUP,Kota Jakarta Pusat,https://kampusmerdeka.kemdikbud.go.id/program/magang/browse/e8953edb-6d1c-42ec-9e40-23c29eeda179/b35d4461-fb0b-11ee-82ee-42fdda477ac9
Accounting ,,Hasnur Group,Kab. Tapin,https://kampusmerdeka.kemdikbud.go.id/program/magang/browse/f975dc88-aa6b-401c-b68c-0a40588e9589/285f1bd1-fd5f-11ee-865e-fae64678b8c1
Finance & Accounting,,Hasnur Group,Kab. Tapin,https://kampusmerdeka.kemdikbud.go.id/program/magang/browse/f975dc88-aa6b-401c-b68c-0a40588e9589/b0c676ef-fe20-11ee-9733-ca7bef2c0196
Finance,,Hasnur Group,Kab. Tapin,https://kampusmerdeka.kemdikbud.go.id/program/magang/browse/f975dc88-aa6b-401c-b68c-0a40588e9589/60c3bc69-fe1d-11ee-ac63-7e456e52b7d0
"Finance, Accounting, Tax Intern",https://storage.googleapis.com/kampusmerdeka_kemdikbud_go_id/mitra/mitra_0bdc67f8-bdb0-40dd-a662-49b5d90704be.jpg,Berdikari,Kota Jakarta Pusat,https://kampusmerdeka.kemdikbud.go.id/program/magang/browse/e16fa640-3d69-47df-90dc-3d5fdfde3461/4ccd8515-0109-11ef-ba24-e26d212b611d
Finance- Financial Control Intern,https://storage.googleapis.com/kampusmerdeka_kemdikbud_go_id/mitra/mitra_9ec83d03-8bed-47be-94f2-60e034c180c4.png,Toyota Indonesia,"Sunter, Jakarta Utara & Karawang, Jawa Barat",https://kampusmerdeka.kemdikbud.go.id/program/magang/browse/52ec1191-2559-49fb-972c-abef2629cdbc/f79634cb-f3e1-11ee-9129-da28f9df4d8d
Finance - Financial Control Intern,https://storage.googleapis.com/kampusmerdeka_kemdikbud_go_id/mitra/mitra_9ec83d03-8bed-47be-94f2-60e034c180c4.png,Toyota Indonesia,"Sunter, Jakarta Utara & Karawang, Jawa Barat",https://kampusmerdeka.kemdikbud.go.id/program/magang/browse/52ec1191-2559-49fb-972c-abef2629cdbc/78e5526b-f3e1-11ee-af0a-42786e9b30fb
Finance Intern,,Umana Bali,Kab. Badung,https://kampusmerdeka.kemdikbud.go.id/program/magang/browse/a0f9eb87-ca9a-4f7c-bc12-5b73877aa93c/a038d829-0129-11ef-9733-ca7bef2c0196
Finance & Budget Control - RANS Entertainment,https://storage.googleapis.com/kampusmerdeka_kemdikbud_go_id/mitra/mitra_4c560d1a-0e74-4525-9d9c-4feb95a08b71.png,Surya Citra Media - EMTEK Group,Kota Jakarta Pusat,https://kampusmerdeka.kemdikbud.go.id/program/magang/browse/b409663d-e067-46e0-81d9-eb4fff33f45f/8c670347-02f8-11ef-9b3e-022ae5f04a49
Accounting & Tax - RANS Entertainment,https://storage.googleapis.com/kampusmerdeka_kemdikbud_go_id/mitra/mitra_4c560d1a-0e74-4525-9d9c-4feb95a08b71.png,Surya Citra Media - EMTEK Group,Kota Jakarta Pusat,https://kampusmerdeka.kemdikbud.go.id/program/magang/browse/b409663d-e067-46e0-81d9-eb4fff33f45f/25fc4031-02f8-11ef-98a1-c2fa75b94ea6
Finance,https://storage.googleapis.com/kampusmerdeka_kemdikbud_go_id/mitra/mitra_87dcf94c-4aa0-41b9-98a0-49a3e044d1e3.jpg,Swissôtel Nusantara,Kab. Penajam Paser Utara,https://kampusmerdeka.kemdikbud.go.id/program/magang/browse/11541e7b-d231-466e-aefa-9b1263f133c6/e7373253-014e-11ef-9733-ca7bef2c0196
Finance - VIP,https://storage.googleapis.com/kampusmerdeka_kemdikbud_go_id/mitra/mitra_4c560d1a-0e74-4525-9d9c-4feb95a08b71.png,Surya Citra Media - EMTEK Group,Kota Jakarta Pusat,https://kampusmerdeka.kemdikbud.go.id/program/magang/browse/b409663d-e067-46e0-81d9-eb4fff33f45f/0c34199e-030d-11ef-98a1-c2fa75b94ea6
Tax Officer,https://storage.googleapis.com/kampusmerdeka_kemdikbud_go_id/mitra/mitra_4c560d1a-0e74-4525-9d9c-4feb95a08b71.png,Surya Citra Media - EMTEK Group,Kota Jakarta Pusat,https://kampusmerdeka.kemdikbud.go.id/program/magang/browse/b409663d-e067-46e0-81d9-eb4fff33f45f/f12c86d9-02d5-11ef-bb7f-6ac06bc5928b
Finance & Strategy Intern - Financial Modeling,https://storage.googleapis.com/kampusmerdeka_kemdikbud_go_id/mitra/mitra_195baf9b-23d9-4ea9-9084-1d2786749094.png,LinkAja,Kota Jakarta Barat,https://kampusmerdeka.kemdikbud.go.id/program/magang/browse/63e00d77-b843-47bf-948f-6eecacc916da/a6f6ad13-ea51-11ee-9c87-8a782fec29d6
Finance & Strategy Intern - Budget Management,https://storage.googleapis.com/kampusmerdeka_kemdikbud_go_id/mitra/mitra_195baf9b-23d9-4ea9-9084-1d2786749094.png,LinkAja,Kota Jakarta Barat,https://kampusmerdeka.kemdikbud.go.id/program/magang/browse/63e00d77-b843-47bf-948f-6eecacc916da/4bd7b253-ea52-11ee-a97f-624b48284b25
Finance,https://storage.googleapis.com/kampusmerdeka_kemdikbud_go_id/mitra/mitra_dc69f882-d8b7-4d07-b149-6c2e3a21978c.png,RWE Digital Agency,Kota Yogyakarta,https://kampusmerdeka.kemdikbud.go.id/program/magang/browse/a64a6f99-2573-4ac8-9e58-006b674b29d5/31d52691-fd2f-11ee-9fea-06679b4bd1c5
Finance & Accounting Intern,https://storage.googleapis.com/kampusmerdeka_kemdikbud_go_id/mitra/mitra_88075f80-4674-4cd4-a29a-39efda46b648.png,MAP,Kota Jakarta Pusat,https://kampusmerdeka.kemdikbud.go.id/program/magang/browse/ee7b0151-ca37-458e-bb5b-48d25f88b664/a8d8ed15-fc61-11ee-be48-1676ae1015eb
Tax Intern,https://storage.googleapis.com/kampusmerdeka_kemdikbud_go_id/mitra/mitra_88075f80-4674-4cd4-a29a-39efda46b648.png,MAP,Kota Jakarta Pusat,https://kampusmerdeka.kemdikbud.go.id/program/magang/browse/ee7b0151-ca37-458e-bb5b-48d25f88b664/e3d5f993-fca3-11ee-877d-ee833f3bb5c3
Accounting,https://storage.googleapis.com/kampusmerdeka_kemdikbud_go_id/mitra/mitra_435ff4a1-32f3-410d-a100-1b98b1b498d4.png,Metra-Net,Kota Jakarta Selatan,https://kampusmerdeka.kemdikbud.go.id/program/magang/browse/1f6c21a9-5e55-470e-be51-994dadebaa3e/65d6dbf5-fded-11ee-9648-aa9bf47860c9
Tax Support,https://storage.googleapis.com/kampusmerdeka_kemdikbud_go_id/mitra/mitra_435ff4a1-32f3-410d-a100-1b98b1b498d4.png,Metra-Net,Kota Jakarta Selatan,https://kampusmerdeka.kemdikbud.go.id/program/magang/browse/1f6c21a9-5e55-470e-be51-994dadebaa3e/0ed824a6-007d-11ef-839c-1e2e912d270c
Tax,https://storage.googleapis.com/kampusmerdeka_kemdikbud_go_id/mitra/mitra_4705b2f3-0bc9-4682-98fc-1984960361ce.png,TRANS TV,Kota Jakarta Selatan,https://kampusmerdeka.kemdikbud.go.id/program/magang/browse/366d757a-467c-4947-94e2-19b5f3881ce4/9e275308-fbb0-11ee-9310-3a1ef68d6d33
Finance & AR Management,https://storage.googleapis.com/kampusmerdeka_kemdikbud_go_id/mitra/mitra_4705b2f3-0bc9-4682-98fc-1984960361ce.png,TRANS TV,Kota Jakarta Selatan,https://kampusmerdeka.kemdikbud.go.id/program/magang/browse/366d757a-467c-4947-94e2-19b5f3881ce4/37f96045-fb01-11ee-bf75-32cfa9fc582e
Finance & Accounting Internship,https://storage.googleapis.com/kampusmerdeka_kemdikbud_go_id/mitra/mitra_80500ae6-58dd-466c-a9a5-0555e3541dc7.jpg,Karyamas Plantation,Kab. Kapuas Hulu,https://kampusmerdeka.kemdikbud.go.id/program/magang/browse/dda0671d-9c50-4777-94a6-e675c1dfa88f/f490c65f-e4d4-11ee-bc2e-12f02af67720
Finance Management and Accounting Intern,https://storage.googleapis.com/kampusmerdeka_kemdikbud_go_id/mitra/mitra_1dfccefa-a465-44b7-9259-bd5cee6d3cb1.png,United Tractors,Kota Jakarta Timur,https://kampusmerdeka.kemdikbud.go.id/program/magang/browse/c4be4eb1-cdfa-4d76-aa4a-e2bd17fbebbf/79a950f3-fcb5-11ee-be48-1676ae1015eb
Legal and Finance Intern,https://storage.googleapis.com/kampusmerdeka_kemdikbud_go_id/mitra/mitra_1dfccefa-a465-44b7-9259-bd5cee6d3cb1.png,United Tractors,Kota Jakarta Timur,https://kampusmerdeka.kemdikbud.go.id/program/magang/browse/c4be4eb1-cdfa-4d76-aa4a-e2bd17fbebbf/71e976ee-fc9a-11ee-877d-ee833f3bb5c3
"Finance, Accounting & Tax",https://storage.googleapis.com/kampusmerdeka_kemdikbud_go_id/mitra/mitra_1dfccefa-a465-44b7-9259-bd5cee6d3cb1.png,United Tractors,Kota Jakarta Timur,https://kampusmerdeka.kemdikbud.go.id/program/magang/browse/c4be4eb1-cdfa-4d76-aa4a-e2bd17fbebbf/416d8973-fcb4-11ee-b3c3-42bfe4d30846
Finance Intern,https://storage.googleapis.com/kampusmerdeka_kemdikbud_go_id/mitra/mitra_1dfccefa-a465-44b7-9259-bd5cee6d3cb1.png,United Tractors,Kab. Bekasi,https://kampusmerdeka.kemdikbud.go.id/program/magang/browse/c4be4eb1-cdfa-4d76-aa4a-e2bd17fbebbf/fa944935-fc85-11ee-92c0-ca9681d735c6
Finance,https://storage.googleapis.com/kampusmerdeka_kemdikbud_go_id/mitra/mitra_402aa8f6-0e43-4ef0-907e-0f3687f8e6a7.png,WIRAMUDA ACADEMY KEMENPORA,Kota Jakarta Pusat,https://kampusmerdeka.kemdikbud.go.id/program/magang/browse/9ac7ad3d-f00f-4ef1-8b52-4b3f6bc4f7b3/da28985b-04b2-11ef-8ce9-8a7c35fd8d18
 Finance & Accounting Intern,https://storage.googleapis.com/kampusmerdeka_kemdikbud_go_id/mitra/mitra_2752238f-3601-4bf0-aa81-874a4b2915da.png,Stress Management Indonesia,Kota Jakarta Selatan,https://kampusmerdeka.kemdikbud.go.id/program/magang/browse/7b7937e9-688b-48ae-9eca-d435b462e927/fdaafa01-faef-11ee-bf75-32cfa9fc582e
Finance Intern,https://storage.googleapis.com/kampusmerdeka_kemdikbud_go_id/mitra/mitra_190cb6fe-b953-4cb1-95ac-70804ee75af5.jpg,Artisan Kuliner Group,Kota Jakarta Selatan,https://kampusmerdeka.kemdikbud.go.id/program/magang/browse/d0721ec5-af27-46eb-a1e6-923eb8db56b3/9f874ea4-f179-11ee-bf75-32cfa9fc582e
Accounting Finance,https://storage.googleapis.com/kampusmerdeka_kemdikbud_go_id/mitra/mitra_7f9e3c2a-3039-4231-9290-27e3357d87f2.jpg,DPMPTSP Surabaya,Kota Surabaya,https://kampusmerdeka.kemdikbud.go.id/program/magang/browse/fdaa60dd-4497-46b6-8183-be04e034bc05/de98857a-03af-11ef-8247-deb43c39bd5c
Accounting,https://storage.googleapis.com/kampusmerdeka_kemdikbud_go_id/mitra/mitra_f2231d65-1f63-4144-86b3-31dd67f650d4.png,Adhimix Group,Kota Jakarta Selatan,https://kampusmerdeka.kemdikbud.go.id/program/magang/browse/976023bd-3f1f-42cc-8a8f-adcf1edad7ef/cfe72cd4-fbd3-11ee-877d-ee833f3bb5c3
Finance & Accounting - Jakarta,https://storage.googleapis.com/kampusmerdeka_kemdikbud_go_id/mitra/mitra_738c0392-ee3c-4285-8d6e-0f8ba34e5373.png,SUMMARECON,Jakarta,https://kampusmerdeka.kemdikbud.go.id/program/magang/browse/1ab45f28-19ef-4f8f-b2a0-cb23ac361766/5e0ab8eb-fc76-11ee-b3c3-42bfe4d30846
Finance Validation Intern,https://storage.googleapis.com/kampusmerdeka_kemdikbud_go_id/mitra/mitra_ab84e5ac-e9a6-4d61-b985-01aa37d4af5f.png,Matahari,Kota Tangerang,https://kampusmerdeka.kemdikbud.go.id/program/magang/browse/f2b78cb0-3907-4a01-84e3-8e3d809484c6/9b338115-f8a2-11ee-bf75-32cfa9fc582e
Banking & Financial Services Intern,https://storage.googleapis.com/kampusmerdeka_kemdikbud_go_id/mitra/mitra_fa53cb75-1f5f-4bad-832b-4cf3dbbf28b5.jpg,XL Axiata,Kota Jakarta Selatan,https://kampusmerdeka.kemdikbud.go.id/program/magang/browse/c6eaa287-d3a3-4dc4-92b0-c3cabfe9a698/12299503-eb0c-11ee-a97f-624b48284b25
Admin Tax,https://storage.googleapis.com/kampusmerdeka_kemdikbud_go_id/mitra/mitra_4b68b978-babc-4555-b29d-ac9ca4fe7af5.png,Erajaya,Kota Jakarta Barat,https://kampusmerdeka.kemdikbud.go.id/program/magang/browse/a748af00-6fc5-44c8-a820-fda83886973c/9d2a7a04-fca6-11ee-b3c3-42bfe4d30846
Intern Banking Partnership,https://storage.googleapis.com/kampusmerdeka_kemdikbud_go_id/mitra/mitra_4b68b978-babc-4555-b29d-ac9ca4fe7af5.png,Erajaya,Kota Jakarta Barat,https://kampusmerdeka.kemdikbud.go.id/program/magang/browse/a748af00-6fc5-44c8-a820-fda83886973c/60455b4f-fd28-11ee-9fea-06679b4bd1c5
Intern Finance,https://storage.googleapis.com/kampusmerdeka_kemdikbud_go_id/mitra/mitra_4b68b978-babc-4555-b29d-ac9ca4fe7af5.png,Erajaya,Kota Jakarta Barat,https://kampusmerdeka.kemdikbud.go.id/program/magang/browse/a748af00-6fc5-44c8-a820-fda83886973c/08821f99-fcc6-11ee-be48-1676ae1015eb
Branch Banking Operation,https://storage.googleapis.com/kampusmerdeka_kemdikbud_go_id/mitra/mitra_19705f5f-224a-4372-9f75-623b97bf6183.jpg,Bank Syariah Indonesia atau BSI,Kota Jakarta Pusat & 10 Kantor Regional Office (Bidang Branch Banking Operation),https://kampusmerdeka.kemdikbud.go.id/program/magang/browse/22d8f215-4ba0-4596-9fc8-4e2a2107101e/92377fca-fd43-11ee-865e-fae64678b8c1
International Banking,https://storage.googleapis.com/kampusmerdeka_kemdikbud_go_id/mitra/mitra_19705f5f-224a-4372-9f75-623b97bf6183.jpg,Bank Syariah Indonesia atau BSI,Kota Jakarta Pusat & 10 Kantor Regional Office (Bidang Branch Banking Operation),https://kampusmerdeka.kemdikbud.go.id/program/magang/browse/22d8f215-4ba0-4596-9fc8-4e2a2107101e/204997cb-fd48-11ee-865e-fae64678b8c1
Accounting Officer,https://storage.googleapis.com/kampusmerdeka_kemdikbud_go_id/mitra/mitra_629f2eb8-a747-4cee-a5c3-e27c8a8ec63e.png,PT Bumitama Gunajaya Agro,Kota Jakarta Selatan,https://kampusmerdeka.kemdikbud.go.id/program/magang/browse/8816b5f5-7f39-459c-ba0c-86996423c5e5/8fdd2266-f095-11ee-92bb-b27cd062ba27
Corporate Finance Officer,https://storage.googleapis.com/kampusmerdeka_kemdikbud_go_id/mitra/mitra_629f2eb8-a747-4cee-a5c3-e27c8a8ec63e.png,PT Bumitama Gunajaya Agro,Kota Jakarta Selatan,https://kampusmerdeka.kemdikbud.go.id/program/magang/browse/8816b5f5-7f39-459c-ba0c-86996423c5e5/6e680390-efeb-11ee-bb69-32b7bdeb41bc
Finance and Administration Assistant,https://storage.googleapis.com/kampusmerdeka_kemdikbud_go_id/mitra/mitra_629f2eb8-a747-4cee-a5c3-e27c8a8ec63e.png,PT Bumitama Gunajaya Agro,Kab. Kotawaringin Timur,https://kampusmerdeka.kemdikbud.go.id/program/magang/browse/8816b5f5-7f39-459c-ba0c-86996423c5e5/55c8481f-f094-11ee-92bb-b27cd062ba27
Tax Officer,https://storage.googleapis.com/kampusmerdeka_kemdikbud_go_id/mitra/mitra_62a7e441-3c03-4964-af92-0ca1a787b09d.png,PT Mega Manunggal Property Tbk,Kota Jakarta Timur,https://kampusmerdeka.kemdikbud.go.id/program/magang/browse/50c5b34c-86d0-4b26-99cd-87281127009a/4a7421ff-fca0-11ee-be48-1676ae1015eb
Finance,https://storage.googleapis.com/kampusmerdeka_kemdikbud_go_id/mitra/mitra_f2b4bebd-3a48-4e47-9e8e-d583e3548468.png,PT Nestle Indonesia,Kota Jakarta Selatan,https://kampusmerdeka.kemdikbud.go.id/program/magang/browse/6caaef2a-473b-4630-8443-2171b2a7c4ae/16215e6e-f350-11ee-bf75-32cfa9fc582e
Financial Advisor,https://storage.googleapis.com/kampusmerdeka_kemdikbud_go_id/mitra/mitra_54c9c8c9-b84d-45ad-8ac0-666d74119bca.jpg,Shining Stars Agency,Kota Makassar,https://kampusmerdeka.kemdikbud.go.id/program/magang/browse/adcbdd20-cbec-4c22-8da0-6c21f9b5cd3d/a1fa3521-e8fc-11ee-9c87-8a782fec29d6
Financial Advisor,https://storage.googleapis.com/kampusmerdeka_kemdikbud_go_id/mitra/mitra_54c9c8c9-b84d-45ad-8ac0-666d74119bca.jpg,Shining Stars Agency,Kota Surabaya,https://kampusmerdeka.kemdikbud.go.id/program/magang/browse/adcbdd20-cbec-4c22-8da0-6c21f9b5cd3d/3319e147-e8fb-11ee-9c87-8a782fec29d6
Financial Advisor,https://storage.googleapis.com/kampusmerdeka_kemdikbud_go_id/mitra/mitra_54c9c8c9-b84d-45ad-8ac0-666d74119bca.jpg,Shining Stars Agency,Kota Bandung,https://kampusmerdeka.kemdikbud.go.id/program/magang/browse/adcbdd20-cbec-4c22-8da0-6c21f9b5cd3d/dda1adfd-e8f9-11ee-91d0-16cd1757bbe4
Financial Advisor,https://storage.googleapis.com/kampusmerdeka_kemdikbud_go_id/mitra/mitra_54c9c8c9-b84d-45ad-8ac0-666d74119bca.jpg,Shining Stars Agency,Kota Jakarta Barat,https://kampusmerdeka.kemdikbud.go.id/program/magang/browse/adcbdd20-cbec-4c22-8da0-6c21f9b5cd3d/7a8e37e7-e8e7-11ee-91d0-16cd1757bbe4
Financial Advisor,https://storage.googleapis.com/kampusmerdeka_kemdikbud_go_id/mitra/mitra_54c9c8c9-b84d-45ad-8ac0-666d74119bca.jpg,Shining Stars Agency,Kota Semarang,https://kampusmerdeka.kemdikbud.go.id/program/magang/browse/adcbdd20-cbec-4c22-8da0-6c21f9b5cd3d/5a4dc2f9-e8f8-11ee-9c87-8a782fec29d6
Financial Advisor,https://storage.googleapis.com/kampusmerdeka_kemdikbud_go_id/mitra/mitra_54c9c8c9-b84d-45ad-8ac0-666d74119bca.jpg,Shining Stars Agency,Kota Medan,https://kampusmerdeka.kemdikbud.go.id/program/magang/browse/adcbdd20-cbec-4c22-8da0-6c21f9b5cd3d/9740040d-e8f6-11ee-91d0-16cd1757bbe4
Auditor Energi,https://storage.googleapis.com/kampusmerdeka_kemdikbud_go_id/mitra/mitra_5581c339-6afb-49e0-9419-e567a17dcf2f.png,Dinas Lingkungan Hidup Kota Surabaya,Kota Surabaya,https://kampusmerdeka.kemdikbud.go.id/program/magang/browse/6f0479d7-d825-41e9-b2e4-02a156eb347f/f5265b14-fbb8-11ee-a405-f620d25ea70a
Finance Intern,https://storage.googleapis.com/kampusmerdeka_kemdikbud_go_id/mitra/mitra_f9c91967-20e2-4260-83ec-d0e6c346ab6f.png,pintar.co,Kota Jakarta Pusat,https://kampusmerdeka.kemdikbud.go.id/program/magang/browse/71a24f9d-960b-4112-8766-90bc7cbee852/5f823135-f185-11ee-9129-da28f9df4d8d
Accounting & Tax,https://storage.googleapis.com/kampusmerdeka_kemdikbud_go_id/mitra/mitra_f4582b8f-c088-4d57-95d8-9a370f5c9224.png,ELZATTA DAUKY,Kota Bandung,https://kampusmerdeka.kemdikbud.go.id/program/magang/browse/5fb33177-7656-4eac-b184-9a187592a4e4/a49a05b5-fc92-11ee-877d-ee833f3bb5c3
"Accounting, Finance & Tax Officer",https://storage.googleapis.com/kampusmerdeka_kemdikbud_go_id/mitra/mitra_0ccd522c-aaf8-4e7f-b5c0-3f2c9b3f09b0.png,The Farmhill,Kota Semarang,https://kampusmerdeka.kemdikbud.go.id/program/magang/browse/f0e8728d-6dc7-4cf5-84fb-6d1a47950232/4d6e551d-fbc8-11ee-877d-ee833f3bb5c3
ACCOUNTING FINANCE FRANCHISE LOMBOK,https://storage.googleapis.com/kampusmerdeka_kemdikbud_go_id/mitra/mitra_906ac76c-6666-4a66-a24f-7dabf0340dcf.jpg,Alfamart,Kota Tangerang,https://kampusmerdeka.kemdikbud.go.id/program/magang/browse/313a80ac-21da-47fe-a999-e9d82b912be2/40ef9ffa-f18e-11ee-af0a-42786e9b30fb
ACCOUNTING FINANCE FRANCHISE KOTABUMI,https://storage.googleapis.com/kampusmerdeka_kemdikbud_go_id/mitra/mitra_906ac76c-6666-4a66-a24f-7dabf0340dcf.jpg,Alfamart,Kota Tangerang,https://kampusmerdeka.kemdikbud.go.id/program/magang/browse/313a80ac-21da-47fe-a999-e9d82b912be2/ac73ff50-f18d-11ee-9129-da28f9df4d8d
ACCOUNTING FINANCE FRANCHISE JEMBER,https://storage.googleapis.com/kampusmerdeka_kemdikbud_go_id/mitra/mitra_906ac76c-6666-4a66-a24f-7dabf0340dcf.jpg,Alfamart,Kota Tangerang,https://kampusmerdeka.kemdikbud.go.id/program/magang/browse/313a80ac-21da-47fe-a999-e9d82b912be2/1f97612c-f18d-11ee-af0a-42786e9b30fb
ACCOUNTING FINANCE FRANCHISE CIANJUR,https://storage.googleapis.com/kampusmerdeka_kemdikbud_go_id/mitra/mitra_906ac76c-6666-4a66-a24f-7dabf0340dcf.jpg,Alfamart,Kota Tangerang,https://kampusmerdeka.kemdikbud.go.id/program/magang/browse/313a80ac-21da-47fe-a999-e9d82b912be2/b97ce9d8-f18b-11ee-af0a-42786e9b30fb
ACCOUNTING FINANCE FRANCHISE BALI,https://storage.googleapis.com/kampusmerdeka_kemdikbud_go_id/mitra/mitra_906ac76c-6666-4a66-a24f-7dabf0340dcf.jpg,Alfamart,Kota Tangerang,https://kampusmerdeka.kemdikbud.go.id/program/magang/browse/313a80ac-21da-47fe-a999-e9d82b912be2/e16f9715-f18a-11ee-af0a-42786e9b30fb
ACCOUNTING FINANCE FRANCHISE TEGAL,https://storage.googleapis.com/kampusmerdeka_kemdikbud_go_id/mitra/mitra_906ac76c-6666-4a66-a24f-7dabf0340dcf.jpg,Alfamart,Kota Tangerang,https://kampusmerdeka.kemdikbud.go.id/program/magang/browse/313a80ac-21da-47fe-a999-e9d82b912be2/388c54de-f0be-11ee-b5fd-3adf88f9c4af
ACCOUNTING FINANCE FRANCHISE SERANG,https://storage.googleapis.com/kampusmerdeka_kemdikbud_go_id/mitra/mitra_906ac76c-6666-4a66-a24f-7dabf0340dcf.jpg,Alfamart,Kota Tangerang,https://kampusmerdeka.kemdikbud.go.id/program/magang/browse/313a80ac-21da-47fe-a999-e9d82b912be2/3e6ae82b-f0bd-11ee-92bb-b27cd062ba27
ACCOUNTING FINANCE FRANCHISE PEKANBARU,https://storage.googleapis.com/kampusmerdeka_kemdikbud_go_id/mitra/mitra_906ac76c-6666-4a66-a24f-7dabf0340dcf.jpg,Alfamart,Kota Tangerang,https://kampusmerdeka.kemdikbud.go.id/program/magang/browse/313a80ac-21da-47fe-a999-e9d82b912be2/63396136-f0bc-11ee-9c51-1aff99471513
ACCOUNTING FINANCE FRANCHISE PALEMBANG,https://storage.googleapis.com/kampusmerdeka_kemdikbud_go_id/mitra/mitra_906ac76c-6666-4a66-a24f-7dabf0340dcf.jpg,Alfamart,Kota Tangerang,https://kampusmerdeka.kemdikbud.go.id/program/magang/browse/313a80ac-21da-47fe-a999-e9d82b912be2/86a07a4c-f0bb-11ee-92bb-b27cd062ba27
ACCOUNTING FINANCE FRANCHISE MEDAN,https://storage.googleapis.com/kampusmerdeka_kemdikbud_go_id/mitra/mitra_906ac76c-6666-4a66-a24f-7dabf0340dcf.jpg,Alfamart,Kota Tangerang,https://kampusmerdeka.kemdikbud.go.id/program/magang/browse/313a80ac-21da-47fe-a999-e9d82b912be2/32477a3e-f0b9-11ee-b5fd-3adf88f9c4af
ACCOUNTING FINANCE FRANCHISE CILACAP,https://storage.googleapis.com/kampusmerdeka_kemdikbud_go_id/mitra/mitra_906ac76c-6666-4a66-a24f-7dabf0340dcf.jpg,Alfamart,Kota Tangerang,https://kampusmerdeka.kemdikbud.go.id/program/magang/browse/313a80ac-21da-47fe-a999-e9d82b912be2/783328c7-f18c-11ee-af0a-42786e9b30fb
FINANCE FRANCHISE,https://storage.googleapis.com/kampusmerdeka_kemdikbud_go_id/mitra/mitra_906ac76c-6666-4a66-a24f-7dabf0340dcf.jpg,Alfamart,Kota Tangerang,https://kampusmerdeka.kemdikbud.go.id/program/magang/browse/313a80ac-21da-47fe-a999-e9d82b912be2/fd249b94-f174-11ee-9129-da28f9df4d8d
Accounting Intern,https://storage.googleapis.com/kampusmerdeka_kemdikbud_go_id/mitra/mitra_793c4164-8702-4ff1-bf69-698e59903b52.jpg,PFI Mega Life,Kota Jakarta Selatan,https://kampusmerdeka.kemdikbud.go.id/program/magang/browse/73b26f80-6308-4249-8738-cec24fc16f00/81ff8786-efd0-11ee-9c51-1aff99471513
Share Service Accounting Intern,https://storage.googleapis.com/kampusmerdeka_kemdikbud_go_id/mitra/mitra_50747a6b-6962-4e51-bfa6-406c27ebc6b6.png,Telkomsel,Kota Jakarta Selatan,https://kampusmerdeka.kemdikbud.go.id/program/magang/browse/162aef9f-4662-4465-82d8-7adf85a712f0/1ae425fb-fc8e-11ee-a0c9-42fbd8755c1a
Accounting / Finance,https://storage.googleapis.com/kampusmerdeka_kemdikbud_go_id/mitra/mitra_ef399acf-107a-4197-890f-1d29e680174a.png,Healthy One (Pharos and Century Group),Kota Jakarta Selatan,https://kampusmerdeka.kemdikbud.go.id/program/magang/browse/4a8b9565-6c7e-4049-938c-910d122b58bc/1717446b-e677-11ee-ac27-32063028c0d6
Finance Management Intern,https://storage.googleapis.com/kampusmerdeka_kemdikbud_go_id/mitra/mitra_7b4cf1bc-fda4-474a-ac57-d39152fe9eb4.png,Bina Pertiwi,Kota Jakarta Timur,https://kampusmerdeka.kemdikbud.go.id/program/magang/browse/875396aa-69e1-41cd-853c-b6208ecaf707/37de73e9-fd5b-11ee-865e-fae64678b8c1
Accounting Management & Digitalization Intern,https://storage.googleapis.com/kampusmerdeka_kemdikbud_go_id/mitra/mitra_7b4cf1bc-fda4-474a-ac57-d39152fe9eb4.png,Bina Pertiwi,Kota Jakarta Timur,https://kampusmerdeka.kemdikbud.go.id/program/magang/browse/875396aa-69e1-41cd-853c-b6208ecaf707/e0532c54-fd68-11ee-865e-fae64678b8c1
Asset & Treasury Officer - Jakarta (Head Office),https://storage.googleapis.com/kampusmerdeka_kemdikbud_go_id/mitra/mitra_e9d9b6c8-552b-47fd-a9da-24b9557bb28b.png,ASSA,Kota Jakarta Utara,https://kampusmerdeka.kemdikbud.go.id/program/magang/browse/631c1888-6d99-43db-bfff-086dafc150c3/57d458ea-fb9e-11ee-9a82-aefdf7a5c1a0
Finance Officer - Jakarta (Head Office),https://storage.googleapis.com/kampusmerdeka_kemdikbud_go_id/mitra/mitra_e9d9b6c8-552b-47fd-a9da-24b9557bb28b.png,ASSA,Kota Jakarta Utara,https://kampusmerdeka.kemdikbud.go.id/program/magang/browse/631c1888-6d99-43db-bfff-086dafc150c3/0ff1385c-fb9e-11ee-828e-bacafdd728b8
"Finance, HR, Procurement ",https://storage.googleapis.com/kampusmerdeka_kemdikbud_go_id/mitra/mitra_43e70794-bbe5-4eea-a4a5-3a6a06b8797b.png,Link Productive,Kota Cilegon & Yogyakarta,https://kampusmerdeka.kemdikbud.go.id/program/magang/browse/0ee95778-edd5-4499-9258-6dbbc8e55a9a/9c6bafc3-dcf5-11ee-9fa7-1e338b798a67
Accounting System SIMRS ,https://storage.googleapis.com/kampusmerdeka_kemdikbud_go_id/mitra/mitra_9e037f35-83aa-41e0-a050-b4aad76d38e1.png,Zen Multimedia,Kab. Purwakarta,https://kampusmerdeka.kemdikbud.go.id/program/magang/browse/be94c64c-4fdf-40a6-8d59-362202a6a728/ba28c438-f3c2-11ee-af0a-42786e9b30fb
Treasury Intern,https://storage.googleapis.com/kampusmerdeka_kemdikbud_go_id/mitra/mitra_d898d9bc-b3f6-4312-8348-c030308332e7.png,Hangry Indonesia,Kota Jakarta Barat,https://kampusmerdeka.kemdikbud.go.id/program/magang/browse/f4b6d185-c687-46e2-9c94-77bfdaafa3a5/48734bc6-f15f-11ee-9129-da28f9df4d8d
Finance Special Project Intern,https://storage.googleapis.com/kampusmerdeka_kemdikbud_go_id/mitra/mitra_d898d9bc-b3f6-4312-8348-c030308332e7.png,Hangry Indonesia,Kota Jakarta Barat,https://kampusmerdeka.kemdikbud.go.id/program/magang/browse/f4b6d185-c687-46e2-9c94-77bfdaafa3a5/acc6c29d-f15e-11ee-9129-da28f9df4d8d
Tax Intern,https://storage.googleapis.com/kampusmerdeka_kemdikbud_go_id/mitra/mitra_d898d9bc-b3f6-4312-8348-c030308332e7.png,Hangry Indonesia,Kota Jakarta Barat,https://kampusmerdeka.kemdikbud.go.id/program/magang/browse/f4b6d185-c687-46e2-9c94-77bfdaafa3a5/0cba537e-f257-11ee-af0a-42786e9b30fb
Consumer Banking,https://storage.googleapis.com/kampusmerdeka_kemdikbud_go_id/mitra/mitra_eb673130-fd5c-4289-8a4b-f263460c9494.png,Bank Danamon,Kota Jakarta Selatan,https://kampusmerdeka.kemdikbud.go.id/program/magang/browse/4fe86c18-31b5-4adf-a5cf-1c9fb8386f52/94feaab9-f24e-11ee-bf75-32cfa9fc582e
Finance,https://storage.googleapis.com/kampusmerdeka_kemdikbud_go_id/mitra/mitra_eb673130-fd5c-4289-8a4b-f263460c9494.png,Bank Danamon,Kota Jakarta Selatan,https://kampusmerdeka.kemdikbud.go.id/program/magang/browse/4fe86c18-31b5-4adf-a5cf-1c9fb8386f52/94483025-f250-11ee-bf75-32cfa9fc582e
Business Banking,https://storage.googleapis.com/kampusmerdeka_kemdikbud_go_id/mitra/mitra_eb673130-fd5c-4289-8a4b-f263460c9494.png,Bank Danamon,Kota Jakarta Selatan,https://kampusmerdeka.kemdikbud.go.id/program/magang/browse/4fe86c18-31b5-4adf-a5cf-1c9fb8386f52/81040c7f-f23d-11ee-bf75-32cfa9fc582e
Finance  Intern – Finance & Accounting ,https://storage.googleapis.com/kampusmerdeka_kemdikbud_go_id/mitra/mitra_397ac79e-88c4-4613-89fe-7a21602dfb6f.png,Emtek,Kota Jakarta Pusat,https://kampusmerdeka.kemdikbud.go.id/program/magang/browse/f9c06011-84f6-4166-94f8-220b64957f8a/b2ea20ea-f23d-11ee-af0a-42786e9b30fb
Finance & Accounting Staff ,https://storage.googleapis.com/kampusmerdeka_kemdikbud_go_id/mitra/mitra_397ac79e-88c4-4613-89fe-7a21602dfb6f.png,Emtek,Kota Jakarta Pusat,https://kampusmerdeka.kemdikbud.go.id/program/magang/browse/f9c06011-84f6-4166-94f8-220b64957f8a/bde6c275-fdfa-11ee-acbe-f67027d2d1d2
Finance & Accounting Administration,https://storage.googleapis.com/kampusmerdeka_kemdikbud_go_id/mitra/mitra_397ac79e-88c4-4613-89fe-7a21602dfb6f.png,Emtek,Kota Jakarta Barat,https://kampusmerdeka.kemdikbud.go.id/program/magang/browse/f9c06011-84f6-4166-94f8-220b64957f8a/421c0416-fb18-11ee-8418-a2b4dbc792e0
Internal Auditor ,https://storage.googleapis.com/kampusmerdeka_kemdikbud_go_id/mitra/mitra_397ac79e-88c4-4613-89fe-7a21602dfb6f.png,Emtek,Kota Jakarta Pusat,https://kampusmerdeka.kemdikbud.go.id/program/magang/browse/f9c06011-84f6-4166-94f8-220b64957f8a/9ba8d3df-eb25-11ee-91d0-16cd1757bbe4
"Finance, Accounting & Tax",https://storage.googleapis.com/kampusmerdeka_kemdikbud_go_id/mitra/mitra_397ac79e-88c4-4613-89fe-7a21602dfb6f.png,Emtek,Kota Jakarta Pusat,https://kampusmerdeka.kemdikbud.go.id/program/magang/browse/f9c06011-84f6-4166-94f8-220b64957f8a/5ada564c-ec24-11ee-92bb-b27cd062ba27
Finance & Accounting – Account Receivable Admin ,https://storage.googleapis.com/kampusmerdeka_kemdikbud_go_id/mitra/mitra_397ac79e-88c4-4613-89fe-7a21602dfb6f.png,Emtek,Kab. Bekasi,https://kampusmerdeka.kemdikbud.go.id/program/magang/browse/f9c06011-84f6-4166-94f8-220b64957f8a/6f0e9050-f598-11ee-bf75-32cfa9fc582e
Administration & Finance Officer,https://storage.googleapis.com/kampusmerdeka_kemdikbud_go_id/mitra/mitra_1b94e334-4d0e-4e4b-bcdb-a256cb222dcc.png,Dinas Komunikasi Dan Informatika Kota Surabaya,Kota Surabaya,https://kampusmerdeka.kemdikbud.go.id/program/magang/browse/51665208-17b5-4d3f-9c08-9beb98e8a1e0/cec64bb3-f0c0-11ee-9c51-1aff99471513
Finance,https://storage.googleapis.com/kampusmerdeka_kemdikbud_go_id/mitra/mitra_98feafb5-f176-4380-a889-d8e15cf206f0.png,CNN Indonesia,Kota Jakarta Selatan,https://kampusmerdeka.kemdikbud.go.id/program/magang/browse/6b1b47ca-6a3d-4809-80df-4f2b193c7622/f43cce43-f4df-11ee-9129-da28f9df4d8d
Finance & Accounting,https://storage.googleapis.com/kampusmerdeka_kemdikbud_go_id/mitra/mitra_d59ec7a6-0080-4ce5-8d7c-6cea420a4766.png,Dibimbing.id,Kota Jakarta Selatan,https://kampusmerdeka.kemdikbud.go.id/program/magang/browse/6cf7381d-d7bb-4095-b0db-3d7e5e858e28/5d073990-f813-11ee-9129-da28f9df4d8d
SERA - Accounting Internship (TRAC-Driver Management),https://storage.googleapis.com/kampusmerdeka_kemdikbud_go_id/mitra/mitra_45049c10-98bb-4d13-8db9-95d3b94de80d.png,Astra,Kota Jakarta Utara,https://kampusmerdeka.kemdikbud.go.id/program/magang/browse/9dc50f6d-2e34-4b22-85ef-e01e696c2b10/fff58b8f-fd89-11ee-865e-fae64678b8c1
TSO - Outlet Data Banking Analyst,https://storage.googleapis.com/kampusmerdeka_kemdikbud_go_id/mitra/mitra_45049c10-98bb-4d13-8db9-95d3b94de80d.png,Astra,Kota Jakarta Utara,https://kampusmerdeka.kemdikbud.go.id/program/magang/browse/9dc50f6d-2e34-4b22-85ef-e01e696c2b10/78834ebc-fb9c-11ee-8418-a2b4dbc792e0
UDAMI – Accounting Analyst Intern,https://storage.googleapis.com/kampusmerdeka_kemdikbud_go_id/mitra/mitra_45049c10-98bb-4d13-8db9-95d3b94de80d.png,Astra,Kota Jakarta Utara,https://kampusmerdeka.kemdikbud.go.id/program/magang/browse/9dc50f6d-2e34-4b22-85ef-e01e696c2b10/0bf2092d-fb25-11ee-8418-a2b4dbc792e0
MODA - Finance & Accounting Intern,https://storage.googleapis.com/kampusmerdeka_kemdikbud_go_id/mitra/mitra_45049c10-98bb-4d13-8db9-95d3b94de80d.png,Astra,Kota Jakarta Timur,https://kampusmerdeka.kemdikbud.go.id/program/magang/browse/9dc50f6d-2e34-4b22-85ef-e01e696c2b10/7227d5b4-f29a-11ee-9129-da28f9df4d8d
Finance Account Receivable Intern,https://storage.googleapis.com/kampusmerdeka_kemdikbud_go_id/mitra/mitra_53a72f64-8e58-40c0-810d-1828e1b0aab1.jpg,Lazada,Kota Jakarta Selatan,https://kampusmerdeka.kemdikbud.go.id/program/magang/browse/aed64ced-1c3e-40f4-8c92-3fae1469cbc4/046aae69-f805-11ee-9129-da28f9df4d8d
Finance Seller Marketplace Operations & Controller Intern,https://storage.googleapis.com/kampusmerdeka_kemdikbud_go_id/mitra/mitra_53a72f64-8e58-40c0-810d-1828e1b0aab1.jpg,Lazada,Kota Jakarta Selatan,https://kampusmerdeka.kemdikbud.go.id/program/magang/browse/aed64ced-1c3e-40f4-8c92-3fae1469cbc4/7d1917c8-f64b-11ee-af0a-42786e9b30fb
Finance Tax Intern,https://storage.googleapis.com/kampusmerdeka_kemdikbud_go_id/mitra/mitra_53a72f64-8e58-40c0-810d-1828e1b0aab1.jpg,Lazada,Kota Jakarta Selatan,https://kampusmerdeka.kemdikbud.go.id/program/magang/browse/aed64ced-1c3e-40f4-8c92-3fae1469cbc4/2fffe8d4-f253-11ee-9129-da28f9df4d8d
Intern - Accounting (HQ Serpong),https://storage.googleapis.com/kampusmerdeka_kemdikbud_go_id/mitra/mitra_63c4636e-5337-4bf1-aa68-cd3efbca0a4d.png,Asia Pulp & Paper Sinar Mas,Kota Jakarta Pusat,https://kampusmerdeka.kemdikbud.go.id/program/magang/browse/d2235aac-8aea-43f8-a976-a96dda694fd5/25e4ca6a-fe6b-11ee-ac63-7e456e52b7d0
Intern - IT Finance Accounting Technical (HQ Serpong),https://storage.googleapis.com/kampusmerdeka_kemdikbud_go_id/mitra/mitra_63c4636e-5337-4bf1-aa68-cd3efbca0a4d.png,Asia Pulp & Paper Sinar Mas,Kota Jakarta Pusat,https://kampusmerdeka.kemdikbud.go.id/program/magang/browse/d2235aac-8aea-43f8-a976-a96dda694fd5/bc57424f-fd29-11ee-be48-1676ae1015eb
Intern - IT Finance Accounting Project (HQ Serpong),https://storage.googleapis.com/kampusmerdeka_kemdikbud_go_id/mitra/mitra_63c4636e-5337-4bf1-aa68-cd3efbca0a4d.png,Asia Pulp & Paper Sinar Mas,Kota Jakarta Pusat,https://kampusmerdeka.kemdikbud.go.id/program/magang/browse/d2235aac-8aea-43f8-a976-a96dda694fd5/0323a4c2-fd26-11ee-9fea-06679b4bd1c5
AHM – Finance Analyst,https://storage.googleapis.com/kampusmerdeka_kemdikbud_go_id/mitra/mitra_45049c10-98bb-4d13-8db9-95d3b94de80d.png,Astra,Kota Jakarta Utara,https://kampusmerdeka.kemdikbud.go.id/program/magang/browse/9dc50f6d-2e34-4b22-85ef-e01e696c2b10/8c465553-f95a-11ee-8418-a2b4dbc792e0
SANF - Treasury Management Intern,https://storage.googleapis.com/kampusmerdeka_kemdikbud_go_id/mitra/mitra_45049c10-98bb-4d13-8db9-95d3b94de80d.png,Astra,Kota Jakarta Selatan,https://kampusmerdeka.kemdikbud.go.id/program/magang/browse/9dc50f6d-2e34-4b22-85ef-e01e696c2b10/5af75bae-f9b6-11ee-8418-a2b4dbc792e0
Accounting Program Batch 3,https://storage.googleapis.com/kampusmerdeka_kemdikbud_go_id/mitra/mitra_84bcfb88-9387-49ac-a564-f6070f7f5de3.png,PT Bank Mandiri (Persero) Tbk,Kota Jakarta Pusat,https://kampusmerdeka.kemdikbud.go.id/program/magang/browse/875a41ac-8ad4-4a1f-9d91-e6afb053ecba/141c8b7e-fcb3-11ee-be48-1676ae1015eb
Treasury & International Banking Program Batch 2,https://storage.googleapis.com/kampusmerdeka_kemdikbud_go_id/mitra/mitra_84bcfb88-9387-49ac-a564-f6070f7f5de3.png,PT Bank Mandiri (Persero) Tbk,Kota Jakarta Pusat,https://kampusmerdeka.kemdikbud.go.id/program/magang/browse/875a41ac-8ad4-4a1f-9d91-e6afb053ecba/134dd838-047c-11ef-9e17-0a54edb93563
Banking Operations Program Batch 3,https://storage.googleapis.com/kampusmerdeka_kemdikbud_go_id/mitra/mitra_84bcfb88-9387-49ac-a564-f6070f7f5de3.png,PT Bank Mandiri (Persero) Tbk,Kota Jakarta Pusat,https://kampusmerdeka.kemdikbud.go.id/program/magang/browse/875a41ac-8ad4-4a1f-9d91-e6afb053ecba/b2f1dc9f-fcb1-11ee-a0c9-42fbd8755c1a
General Banking Program Batch 7,https://storage.googleapis.com/kampusmerdeka_kemdikbud_go_id/mitra/mitra_84bcfb88-9387-49ac-a564-f6070f7f5de3.png,PT Bank Mandiri (Persero) Tbk,Kota Jakarta Pusat,https://kampusmerdeka.kemdikbud.go.id/program/magang/browse/875a41ac-8ad4-4a1f-9d91-e6afb053ecba/f6dd8ad8-fc9e-11ee-b3c3-42bfe4d30846
Vidio - Financial Planning & Analysis,https://storage.googleapis.com/kampusmerdeka_kemdikbud_go_id/mitra/mitra_805c82cb-fe4b-47f2-8cbf-054b6e40cb33.png,Vidio,Kota Jakarta Pusat,https://kampusmerdeka.kemdikbud.go.id/program/magang/browse/8bb8fd87-8e0e-41b8-bcc4-a924fbae04f9/48292c91-fbd8-11ee-877d-ee833f3bb5c3
Vidio - Finance,https://storage.googleapis.com/kampusmerdeka_kemdikbud_go_id/mitra/mitra_805c82cb-fe4b-47f2-8cbf-054b6e40cb33.png,Vidio,Kota Jakarta Pusat,https://kampusmerdeka.kemdikbud.go.id/program/magang/browse/8bb8fd87-8e0e-41b8-bcc4-a924fbae04f9/9a018c7f-fbd7-11ee-b3c3-42bfe4d30846
Vidio - Accounting,https://storage.googleapis.com/kampusmerdeka_kemdikbud_go_id/mitra/mitra_805c82cb-fe4b-47f2-8cbf-054b6e40cb33.png,Vidio,Kota Jakarta Pusat,https://kampusmerdeka.kemdikbud.go.id/program/magang/browse/8bb8fd87-8e0e-41b8-bcc4-a924fbae04f9/46a098da-fbd4-11ee-b3c3-42bfe4d30846
Vidio - Revenue Accounting,https://storage.googleapis.com/kampusmerdeka_kemdikbud_go_id/mitra/mitra_805c82cb-fe4b-47f2-8cbf-054b6e40cb33.png,Vidio,Kota Jakarta Pusat,https://kampusmerdeka.kemdikbud.go.id/program/magang/browse/8bb8fd87-8e0e-41b8-bcc4-a924fbae04f9/c4dfe4fa-fbd5-11ee-be48-1676ae1015eb
Vidio - Tax,https://storage.googleapis.com/kampusmerdeka_kemdikbud_go_id/mitra/mitra_805c82cb-fe4b-47f2-8cbf-054b6e40cb33.png,Vidio,Kota Jakarta Pusat,https://kampusmerdeka.kemdikbud.go.id/program/magang/browse/8bb8fd87-8e0e-41b8-bcc4-a924fbae04f9/b87a24b9-fbd8-11ee-b3c3-42bfe4d30846
Accounting,https://storage.googleapis.com/kampusmerdeka_kemdikbud_go_id/mitra/mitra_5e0ade41-dde0-445a-9569-4c8e269b5987.png,AwanTunai,Kota Jakarta Selatan,https://kampusmerdeka.kemdikbud.go.id/program/magang/browse/ba85027b-fa9f-4d16-be43-b38041f7ed3c/c311910c-ecd9-11ee-92bb-b27cd062ba27
Tax,https://storage.googleapis.com/kampusmerdeka_kemdikbud_go_id/mitra/mitra_5e0ade41-dde0-445a-9569-4c8e269b5987.png,AwanTunai,Kota Jakarta Selatan,https://kampusmerdeka.kemdikbud.go.id/program/magang/browse/ba85027b-fa9f-4d16-be43-b38041f7ed3c/d05a4a5f-f316-11ee-af0a-42786e9b30fb
Treasury & Loan Operations,https://storage.googleapis.com/kampusmerdeka_kemdikbud_go_id/mitra/mitra_5e0ade41-dde0-445a-9569-4c8e269b5987.png,AwanTunai,Kota Jakarta Selatan,https://kampusmerdeka.kemdikbud.go.id/program/magang/browse/ba85027b-fa9f-4d16-be43-b38041f7ed3c/c54e823e-fbbf-11ee-877d-ee833f3bb5c3
General Ledger Accounting Staff,https://storage.googleapis.com/kampusmerdeka_kemdikbud_go_id/mitra/mitra_46424d48-bf41-43aa-89dd-e8702beb2f80.jpg,Trans Retail Indonesia,Kota Jakarta Pusat,https://kampusmerdeka.kemdikbud.go.id/program/magang/browse/0ec1e3dd-b754-435e-9308-8b77ce0dc15b/ce0a61bb-f0c3-11ee-92bb-b27cd062ba27
Treasury Staff,https://storage.googleapis.com/kampusmerdeka_kemdikbud_go_id/mitra/mitra_46424d48-bf41-43aa-89dd-e8702beb2f80.jpg,Trans Retail Indonesia,Kota Jakarta Pusat,https://kampusmerdeka.kemdikbud.go.id/program/magang/browse/0ec1e3dd-b754-435e-9308-8b77ce0dc15b/33079faa-f0c1-11ee-8773-32b7bdeb41bc
Finance & Accounting Staff,https://storage.googleapis.com/kampusmerdeka_kemdikbud_go_id/mitra/mitra_46424d48-bf41-43aa-89dd-e8702beb2f80.jpg,Trans Retail Indonesia,Kota Jakarta Pusat,https://kampusmerdeka.kemdikbud.go.id/program/magang/browse/0ec1e3dd-b754-435e-9308-8b77ce0dc15b/e39de79a-f0a9-11ee-8773-32b7bdeb41bc
Accounting,https://storage.googleapis.com/kampusmerdeka_kemdikbud_go_id/mitra/mitra_fd204644-5cb0-4ff1-a187-0becd4016be4.png,Telkom,Kota Sukabumi,https://kampusmerdeka.kemdikbud.go.id/program/magang/browse/95c5cbf2-68be-4146-9fef-f891db857f3b/beaf8a52-fd26-11ee-877d-ee833f3bb5c3
Accounting,https://storage.googleapis.com/kampusmerdeka_kemdikbud_go_id/mitra/mitra_fd204644-5cb0-4ff1-a187-0becd4016be4.png,Telkom,Kota Sorong,https://kampusmerdeka.kemdikbud.go.id/program/magang/browse/95c5cbf2-68be-4146-9fef-f891db857f3b/18a996b7-fcbc-11ee-877d-ee833f3bb5c3
Accounting,https://storage.googleapis.com/kampusmerdeka_kemdikbud_go_id/mitra/mitra_fd204644-5cb0-4ff1-a187-0becd4016be4.png,Telkom,Kota Palu,https://kampusmerdeka.kemdikbud.go.id/program/magang/browse/95c5cbf2-68be-4146-9fef-f891db857f3b/940ba852-fcc9-11ee-be48-1676ae1015eb
Accounting,https://storage.googleapis.com/kampusmerdeka_kemdikbud_go_id/mitra/mitra_fd204644-5cb0-4ff1-a187-0becd4016be4.png,Telkom,Kota Parepare,https://kampusmerdeka.kemdikbud.go.id/program/magang/browse/95c5cbf2-68be-4146-9fef-f891db857f3b/a2a88717-fcce-11ee-b3c3-42bfe4d30846
Finance,https://storage.googleapis.com/kampusmerdeka_kemdikbud_go_id/mitra/mitra_fd204644-5cb0-4ff1-a187-0becd4016be4.png,Telkom,Kota Jakarta Selatan,https://kampusmerdeka.kemdikbud.go.id/program/magang/browse/95c5cbf2-68be-4146-9fef-f891db857f3b/dc75a48a-ff20-11ee-9733-ca7bef2c0196
Financial Analyst,https://storage.googleapis.com/kampusmerdeka_kemdikbud_go_id/mitra/mitra_fd204644-5cb0-4ff1-a187-0becd4016be4.png,Telkom,Kota Jakarta Selatan,https://kampusmerdeka.kemdikbud.go.id/program/magang/browse/95c5cbf2-68be-4146-9fef-f891db857f3b/3f4a75c1-ff17-11ee-bcd1-e26d212b611d
Management Accounting,https://storage.googleapis.com/kampusmerdeka_kemdikbud_go_id/mitra/mitra_fd204644-5cb0-4ff1-a187-0becd4016be4.png,Telkom,Kota Jakarta Selatan,https://kampusmerdeka.kemdikbud.go.id/program/magang/browse/95c5cbf2-68be-4146-9fef-f891db857f3b/032e3e48-ff20-11ee-bcd1-e26d212b611d
Finance,https://storage.googleapis.com/kampusmerdeka_kemdikbud_go_id/mitra/mitra_fd204644-5cb0-4ff1-a187-0becd4016be4.png,Telkom,Kota Sukabumi,https://kampusmerdeka.kemdikbud.go.id/program/magang/browse/95c5cbf2-68be-4146-9fef-f891db857f3b/6c0070b2-fcd0-11ee-877d-ee833f3bb5c3
Finance Tax Specialist,https://storage.googleapis.com/kampusmerdeka_kemdikbud_go_id/mitra/mitra_81f2a21b-8811-42ed-a202-8655888997b1.jpg,Alfamidi,Kota Tangerang,https://kampusmerdeka.kemdikbud.go.id/program/magang/browse/0948c9f3-2059-465a-b344-f12f1a66077d/6980c0ee-fd59-11ee-8a41-f67d68bd6616
Finance Operational Specialist,https://storage.googleapis.com/kampusmerdeka_kemdikbud_go_id/mitra/mitra_81f2a21b-8811-42ed-a202-8655888997b1.jpg,Alfamidi,Kota Tangerang,https://kampusmerdeka.kemdikbud.go.id/program/magang/browse/0948c9f3-2059-465a-b344-f12f1a66077d/062b243f-ecdd-11ee-92bb-b27cd062ba27
Finance Archiving Specialist,https://storage.googleapis.com/kampusmerdeka_kemdikbud_go_id/mitra/mitra_81f2a21b-8811-42ed-a202-8655888997b1.jpg,Alfamidi,Kota Tangerang,https://kampusmerdeka.kemdikbud.go.id/program/magang/browse/0948c9f3-2059-465a-b344-f12f1a66077d/698d136a-f23d-11ee-af0a-42786e9b30fb
Finance Virtual Support,https://storage.googleapis.com/kampusmerdeka_kemdikbud_go_id/mitra/mitra_81f2a21b-8811-42ed-a202-8655888997b1.jpg,Alfamidi,Kota Tangerang,https://kampusmerdeka.kemdikbud.go.id/program/magang/browse/0948c9f3-2059-465a-b344-f12f1a66077d/be3e4ad4-f23b-11ee-bf75-32cfa9fc582e
Finance Franchise Support,https://storage.googleapis.com/kampusmerdeka_kemdikbud_go_id/mitra/mitra_81f2a21b-8811-42ed-a202-8655888997b1.jpg,Alfamidi,Kota Tangerang,https://kampusmerdeka.kemdikbud.go.id/program/magang/browse/0948c9f3-2059-465a-b344-f12f1a66077d/089dd636-f23a-11ee-bf75-32cfa9fc582e
Accounting & Finance,https://storage.googleapis.com/kampusmerdeka_kemdikbud_go_id/mitra/mitra_30cfb23c-53c6-46d8-b847-db7be75353f2.jpg,Aston Jember Hotel &amp; Conference Center,Kab. Jember,https://kampusmerdeka.kemdikbud.go.id/program/magang/browse/d9a0ae92-5709-43ce-a6a3-4235b71bdeb4/3fc63b05-f899-11ee-bf75-32cfa9fc582e
Finance Officer (Serang & Boyolali),https://storage.googleapis.com/kampusmerdeka_kemdikbud_go_id/mitra/mitra_00c433e0-3424-4ea2-8ebb-807b4f971b25.png,PT. Pan Brothers Tbk & Group,PT Pan Brothers Tbk & Group,https://kampusmerdeka.kemdikbud.go.id/program/magang/browse/26d70774-e918-4c24-b67c-93d9598701b2/b456c88d-fbcf-11ee-877d-ee833f3bb5c3
Accounting Officer (Serang),https://storage.googleapis.com/kampusmerdeka_kemdikbud_go_id/mitra/mitra_00c433e0-3424-4ea2-8ebb-807b4f971b25.png,PT. Pan Brothers Tbk & Group,PT Pan Brothers Tbk & Group,https://kampusmerdeka.kemdikbud.go.id/program/magang/browse/26d70774-e918-4c24-b67c-93d9598701b2/e6dc4b32-fbd6-11ee-abd0-bac89eb07546
Finance (Jobsite Kalimantan),https://storage.googleapis.com/kampusmerdeka_kemdikbud_go_id/mitra/mitra_ff38d1e5-8075-49b7-86af-d0095a4912cb.jpg,BUMA,Kota Jakarta Selatan,https://kampusmerdeka.kemdikbud.go.id/program/magang/browse/d19a6aaa-7b05-44b3-8fee-7d32f5cadeeb/0b3f450d-f304-11ee-9129-da28f9df4d8d
 Finance,https://storage.googleapis.com/kampusmerdeka_kemdikbud_go_id/mitra/mitra_36c92668-9a5e-4ef2-89e6-717e1c387010.png,YHC QuIP (Quality Internship Program),Kab. Barito Kuala,https://kampusmerdeka.kemdikbud.go.id/program/magang/browse/054b69c6-e415-4e06-be7f-491f672a68b0/4d9c8e51-e4da-11ee-94f2-b2ad01318d16
Finance & Accounting,https://storage.googleapis.com/kampusmerdeka_kemdikbud_go_id/mitra/mitra_36c92668-9a5e-4ef2-89e6-717e1c387010.png,YHC QuIP (Quality Internship Program),Kota Jakarta Barat,https://kampusmerdeka.kemdikbud.go.id/program/magang/browse/054b69c6-e415-4e06-be7f-491f672a68b0/b2d91df8-e5a3-11ee-97b7-caa6484cdffa
Finance,https://storage.googleapis.com/kampusmerdeka_kemdikbud_go_id/mitra/mitra_36c92668-9a5e-4ef2-89e6-717e1c387010.png,YHC QuIP (Quality Internship Program),Kab. Barito Kuala,https://kampusmerdeka.kemdikbud.go.id/program/magang/browse/054b69c6-e415-4e06-be7f-491f672a68b0/8185e8a8-e4ec-11ee-ac27-32063028c0d6
Administration/Sales&Marketing/HRD/Accounting ,,Favehotel Sidoarjo - East Java,Kab. Sidoarjo,https://kampusmerdeka.kemdikbud.go.id/program/magang/browse/b923da47-d1e3-4343-87ee-50ba3fcfb103/f79e8dbc-eaa7-11ee-91d0-16cd1757bbe4
Divisi Finance,https://storage.googleapis.com/kampusmerdeka_kemdikbud_go_id/mitra/mitra_3c167471-0015-4781-af8d-3f4a9d7ca2f0.png,METRO MESIN,Kota Malang,https://kampusmerdeka.kemdikbud.go.id/program/magang/browse/1d0962b1-163a-4012-8fcf-cd7a89de2b89/7e661f48-eb23-11ee-a97f-624b48284b25
Finance & Accounting Intern ,https://storage.googleapis.com/kampusmerdeka_kemdikbud_go_id/mitra/mitra_cbe5f638-5ed0-4099-b0be-96322c844abd.jpg,Ivosights,Kota Jakarta Selatan,https://kampusmerdeka.kemdikbud.go.id/program/magang/browse/83c68005-1083-4e45-a1c8-a18b4ead8e63/06fabe32-efe1-11ee-9c51-1aff99471513
Accounting Intern,https://storage.googleapis.com/kampusmerdeka_kemdikbud_go_id/mitra/mitra_87fed9ce-8cc7-4c55-8727-1c02a5030d20.png,PT Petrokimia Gresik,Kab. Gresik,https://kampusmerdeka.kemdikbud.go.id/program/magang/browse/bc27aac3-8e3f-4016-9b18-cdbfa26746d8/7f0de296-0240-11ef-bb7f-6ac06bc5928b
Administration and Finance Officer,https://storage.googleapis.com/kampusmerdeka_kemdikbud_go_id/mitra/mitra_724c6c8f-e39f-49d0-8aa3-e2cda23eeb12.png,Maritim Muda,Kota Jakarta Timur,https://kampusmerdeka.kemdikbud.go.id/program/magang/browse/6cbe9f85-73c7-4ef3-9377-74bf1b6a863c/f8e1f05b-fd3e-11ee-865e-fae64678b8c1
"Wholesale, Treasury, and International Banking Academy Internship",https://storage.googleapis.com/kampusmerdeka_kemdikbud_go_id/mitra/mitra_642f3ae3-5162-4f40-aba6-e0c819df5f56.jpg,BNI,Kota Jakarta Pusat,https://kampusmerdeka.kemdikbud.go.id/program/magang/browse/1434cd57-6295-441a-898a-7294119a96d7/2c0dc293-f16d-11ee-af0a-42786e9b30fb
"Institutional, Treasury and International Policy and Procedure Department",https://storage.googleapis.com/kampusmerdeka_kemdikbud_go_id/mitra/mitra_642f3ae3-5162-4f40-aba6-e0c819df5f56.jpg,BNI,Kota Jakarta Pusat,https://kampusmerdeka.kemdikbud.go.id/program/magang/browse/1434cd57-6295-441a-898a-7294119a96d7/29de2475-f162-11ee-bf75-32cfa9fc582e
Pension Fun Tax Team,https://storage.googleapis.com/kampusmerdeka_kemdikbud_go_id/mitra/mitra_642f3ae3-5162-4f40-aba6-e0c819df5f56.jpg,BNI,Kota Jakarta Pusat,https://kampusmerdeka.kemdikbud.go.id/program/magang/browse/1434cd57-6295-441a-898a-7294119a96d7/38b8d45c-f0c9-11ee-92bb-b27cd062ba27
Finance & Accounting Admin,https://storage.googleapis.com/kampusmerdeka_kemdikbud_go_id/mitra/mitra_480251d9-1592-4553-9edb-f7b22b8efd44.png,Hacktiv8,Kota Jakarta Selatan,https://kampusmerdeka.kemdikbud.go.id/program/magang/browse/50753d41-eeea-4008-b9d1-b1b09bfbc395/ae98acbb-fd64-11ee-865e-fae64678b8c1
Management & Accounting,https://storage.googleapis.com/kampusmerdeka_kemdikbud_go_id/mitra/mitra_00172b9d-6bad-44f8-8a71-88f513dda24c.png,Bank BRI,Kota Jakarta Pusat,https://kampusmerdeka.kemdikbud.go.id/program/magang/browse/a78798fb-cfe4-4e23-9d42-a09881f6bf9c/f53ee398-f554-11ee-9129-da28f9df4d8d
Investment Analyst Ekonomi dan Portofolio (Kantor Pusat Jakarta),https://storage.googleapis.com/kampusmerdeka_kemdikbud_go_id/mitra/mitra_e1609101-99d7-4a06-98b3-ef4bbef48870.png,BPJS Ketenagakerjaan,Kota Jakarta Selatan,https://kampusmerdeka.kemdikbud.go.id/program/magang/browse/e7e7caef-898d-4fd8-87fe-c4ae72ae5f00/c41f8538-005c-11ef-9733-ca7bef2c0196
Finance & Accounting,https://storage.googleapis.com/kampusmerdeka_kemdikbud_go_id/mitra/mitra_e88d00b1-d779-4f49-9917-637b17b2d010.png,detikcom,Kota Jakarta Selatan,https://kampusmerdeka.kemdikbud.go.id/program/magang/browse/0cfd4ee2-1bc5-4920-af7e-6ae3ddc9b8be/ac43a043-fc69-11ee-be48-1676ae1015eb
Finance dan Accounting ,https://storage.googleapis.com/kampusmerdeka_kemdikbud_go_id/mitra/mitra_05940313-6a3e-41f8-b320-10bd44a5efe9.jpg,ATT Group,Kota Jakarta Barat,https://kampusmerdeka.kemdikbud.go.id/program/magang/browse/2eac3d52-ad39-4d9c-8d2b-be36e90b9452/4bd7bb06-fe07-11ee-8a41-f67d68bd6616
Accounting & Tax Intern ,https://storage.googleapis.com/kampusmerdeka_kemdikbud_go_id/mitra/mitra_38539944-f328-4d58-bef3-1d8a97f607e4.jpg,Nusantara Infrastructure,Kota Tangerang Selatan,https://kampusmerdeka.kemdikbud.go.id/program/magang/browse/33c404bb-b227-4a65-85dc-9fe9cf434e1e/d356ac51-e5c9-11ee-ac27-32063028c0d6
Accounting Intern ,https://storage.googleapis.com/kampusmerdeka_kemdikbud_go_id/mitra/mitra_38539944-f328-4d58-bef3-1d8a97f607e4.jpg,Nusantara Infrastructure,Kota Makassar,https://kampusmerdeka.kemdikbud.go.id/program/magang/browse/33c404bb-b227-4a65-85dc-9fe9cf434e1e/a6fbc725-e5a8-11ee-826e-82a549dac64f
Business & Financial Analyst Intern ,https://storage.googleapis.com/kampusmerdeka_kemdikbud_go_id/mitra/mitra_38539944-f328-4d58-bef3-1d8a97f607e4.jpg,Nusantara Infrastructure,Kota Jakarta Selatan,https://kampusmerdeka.kemdikbud.go.id/program/magang/browse/33c404bb-b227-4a65-85dc-9fe9cf434e1e/a96bc1bb-e5c4-11ee-97b7-caa6484cdffa
Accounting & Tax Intern ,https://storage.googleapis.com/kampusmerdeka_kemdikbud_go_id/mitra/mitra_38539944-f328-4d58-bef3-1d8a97f607e4.jpg,Nusantara Infrastructure,Kota Jakarta Selatan,https://kampusmerdeka.kemdikbud.go.id/program/magang/browse/33c404bb-b227-4a65-85dc-9fe9cf434e1e/faa886ad-e5ba-11ee-97b7-caa6484cdffa
Finance Accounting Tax,https://storage.googleapis.com/kampusmerdeka_kemdikbud_go_id/mitra/mitra_714906e4-1558-41b1-9e7a-e3c80bb66534.webp,PT Mustika Ratu Tbk,Kota Jakarta Timur,https://kampusmerdeka.kemdikbud.go.id/program/magang/browse/2817c9b1-3108-4d7f-a2f1-85f77ff443ad/42cc321d-f231-11ee-9129-da28f9df4d8d
Tax,https://storage.googleapis.com/kampusmerdeka_kemdikbud_go_id/mitra/mitra_7d2dd93f-70ba-4347-87c0-5bbd8077678f.png,Anteraja,Kota Jakarta Selatan,https://kampusmerdeka.kemdikbud.go.id/program/magang/browse/d9bb974c-df16-4b06-ab98-78b76b0fb11e/c02f59c7-f49e-11ee-af0a-42786e9b30fb
Consumer Banking - CFS,https://storage.googleapis.com/kampusmerdeka_kemdikbud_go_id/mitra/mitra_17ff84c6-f7a5-49b8-809c-40604af5920d.jpg,Maybank Indonesia,Kota Jakarta Pusat,https://kampusmerdeka.kemdikbud.go.id/program/magang/browse/3681dbc4-2194-4cc8-8db2-2069b50b7b0b/04423f22-03a1-11ef-9b58-c2fa75b94ea6
Shariah Banking,https://storage.googleapis.com/kampusmerdeka_kemdikbud_go_id/mitra/mitra_17ff84c6-f7a5-49b8-809c-40604af5920d.jpg,Maybank Indonesia,Kota Jakarta Pusat,https://kampusmerdeka.kemdikbud.go.id/program/magang/browse/3681dbc4-2194-4cc8-8db2-2069b50b7b0b/518612cf-039a-11ef-bb7f-6ac06bc5928b
Finance Management Intern ,https://storage.googleapis.com/kampusmerdeka_kemdikbud_go_id/mitra/mitra_17ff84c6-f7a5-49b8-809c-40604af5920d.jpg,Maybank Indonesia,Kota Jakarta Pusat,https://kampusmerdeka.kemdikbud.go.id/program/magang/browse/3681dbc4-2194-4cc8-8db2-2069b50b7b0b/c0774c44-039a-11ef-b03a-0e63b171d5c8
Global Banking,https://storage.googleapis.com/kampusmerdeka_kemdikbud_go_id/mitra/mitra_17ff84c6-f7a5-49b8-809c-40604af5920d.jpg,Maybank Indonesia,Kota Jakarta Pusat,https://kampusmerdeka.kemdikbud.go.id/program/magang/browse/3681dbc4-2194-4cc8-8db2-2069b50b7b0b/3f5395c4-039b-11ef-9b3e-022ae5f04a49
Digital Banking Intern,https://storage.googleapis.com/kampusmerdeka_kemdikbud_go_id/mitra/mitra_17ff84c6-f7a5-49b8-809c-40604af5920d.jpg,Maybank Indonesia,Kota Jakarta Pusat,https://kampusmerdeka.kemdikbud.go.id/program/magang/browse/3681dbc4-2194-4cc8-8db2-2069b50b7b0b/9b46f5d5-039d-11ef-a723-1ec6982a241b
Accounting,https://storage.googleapis.com/kampusmerdeka_kemdikbud_go_id/mitra/mitra_1828dc32-1c04-472a-88ef-9b5728460891.png,PT Kurnia Ciptamoda Gemilang,Kota Jakarta Selatan,https://kampusmerdeka.kemdikbud.go.id/program/magang/browse/c6404a20-67d6-49b9-9869-aebb393af4f6/f55fc31c-f300-11ee-bf75-32cfa9fc582e
Finance,https://storage.googleapis.com/kampusmerdeka_kemdikbud_go_id/mitra/mitra_1828dc32-1c04-472a-88ef-9b5728460891.png,PT Kurnia Ciptamoda Gemilang,Kota Jakarta Selatan,https://kampusmerdeka.kemdikbud.go.id/program/magang/browse/c6404a20-67d6-49b9-9869-aebb393af4f6/8d67be86-f2fe-11ee-bf75-32cfa9fc582e
Finance Intern,https://storage.googleapis.com/kampusmerdeka_kemdikbud_go_id/mitra/mitra_3f98f3ec-bea2-492d-837a-3e450cbf0938.jpg,Coca-Cola Europacific Partners Indonesia,Jakarta,https://kampusmerdeka.kemdikbud.go.id/program/magang/browse/af7f690c-c4b5-4c9f-b079-06cbe0ade58f/9c54502b-f354-11ee-bf75-32cfa9fc582e
Finance & Accounting,https://storage.googleapis.com/kampusmerdeka_kemdikbud_go_id/mitra/mitra_ac92522e-1227-497a-bb7c-6783e41bb299.png,Widya Robotics,Kab. Sleman,https://kampusmerdeka.kemdikbud.go.id/program/magang/browse/93cf8c69-e6cc-423b-a011-695680382291/63e713fe-f21f-11ee-af0a-42786e9b30fb
Finance Analyst Intern,https://storage.googleapis.com/kampusmerdeka_kemdikbud_go_id/mitra/mitra_1a3d87ca-6afa-4d7a-a765-4ea312c13896.png,Zurich Indonesia,Kota Jakarta Selatan,https://kampusmerdeka.kemdikbud.go.id/program/magang/browse/166275ac-fd6e-458d-9070-2359b1e07f60/2c07cc3c-ffee-11ee-ac63-7e456e52b7d0
Tax Intern,https://storage.googleapis.com/kampusmerdeka_kemdikbud_go_id/mitra/mitra_7bb6e6d6-bacd-4faa-91c8-aa0aee236de3.gif,International Test Center,Kota Jakarta Selatan,https://kampusmerdeka.kemdikbud.go.id/program/magang/browse/85806380-8285-4eab-adb9-6bfd61949226/20f3590c-03d4-11ef-9b3e-022ae5f04a49
"Analis Junior Direktorat Pengembangan Perbankan (Unit Sustainable Finance, Pendalaman Keuangan & Ketentuan Perbankan)",https://storage.googleapis.com/kampusmerdeka_kemdikbud_go_id/mitra/mitra_4b3ea65a-1d30-4abb-8b7f-13dc36389c0d.png,Otoritas Jasa Keuangan,Kota Jakarta Selatan,https://kampusmerdeka.kemdikbud.go.id/program/magang/browse/099f120b-b556-44fd-a9f5-a1d7b26cf4c2/9092baf4-ec32-11ee-92bb-b27cd062ba27
Tax Officer,https://storage.googleapis.com/kampusmerdeka_kemdikbud_go_id/mitra/mitra_b06d82b0-54ff-4f34-8baf-1622884d7835.png,PT.Garuda Cyber Indonesia,Kota Pekanbaru,https://kampusmerdeka.kemdikbud.go.id/program/magang/browse/e60fe502-36d3-41a4-971b-b77d1d8239a1/7ab5e57e-fd5c-11ee-865e-fae64678b8c1
Finance Treasury,https://storage.googleapis.com/kampusmerdeka_kemdikbud_go_id/mitra/mitra_8471966c-6da5-47b7-9275-8de31d6c807b.png,Home Credit Indonesia,Kota Jakarta Selatan,https://kampusmerdeka.kemdikbud.go.id/program/magang/browse/ae9a3576-23cb-42c2-9885-4cb1a4141799/440f5be0-0152-11ef-ac63-7e456e52b7d0
Finance Tax,https://storage.googleapis.com/kampusmerdeka_kemdikbud_go_id/mitra/mitra_8471966c-6da5-47b7-9275-8de31d6c807b.png,Home Credit Indonesia,Kota Jakarta Selatan,https://kampusmerdeka.kemdikbud.go.id/program/magang/browse/ae9a3576-23cb-42c2-9885-4cb1a4141799/cf2990fd-0150-11ef-8a5e-6e086735c772
Finance Business Transformation,https://storage.googleapis.com/kampusmerdeka_kemdikbud_go_id/mitra/mitra_8471966c-6da5-47b7-9275-8de31d6c807b.png,Home Credit Indonesia,Kota Jakarta Selatan,https://kampusmerdeka.kemdikbud.go.id/program/magang/browse/ae9a3576-23cb-42c2-9885-4cb1a4141799/cd640ebe-0203-11ef-bb7f-6ac06bc5928b
Finance Accounting,https://storage.googleapis.com/kampusmerdeka_kemdikbud_go_id/mitra/mitra_8471966c-6da5-47b7-9275-8de31d6c807b.png,Home Credit Indonesia,Kota Jakarta Selatan,https://kampusmerdeka.kemdikbud.go.id/program/magang/browse/ae9a3576-23cb-42c2-9885-4cb1a4141799/6ad4c47a-014f-11ef-8a5e-6e086735c772
Finance AP (Account Payable),https://storage.googleapis.com/kampusmerdeka_kemdikbud_go_id/mitra/mitra_8471966c-6da5-47b7-9275-8de31d6c807b.png,Home Credit Indonesia,Kota Jakarta Selatan,https://kampusmerdeka.kemdikbud.go.id/program/magang/browse/ae9a3576-23cb-42c2-9885-4cb1a4141799/044d0340-0150-11ef-9733-ca7bef2c0196
"Finance, Accounting, & Tax Admin",https://storage.googleapis.com/kampusmerdeka_kemdikbud_go_id/mitra/mitra_7fb9a37a-55d0-4661-a65a-8bc46cd36bb5.png,Jababeka & Co,Kab. Bekasi,https://kampusmerdeka.kemdikbud.go.id/program/magang/browse/a8d3adeb-06c9-40b3-a644-c3e9ef7d82e8/a864bb4d-fd56-11ee-8a41-f67d68bd6616
Finance Intern,https://storage.googleapis.com/kampusmerdeka_kemdikbud_go_id/mitra/mitra_7fb9a37a-55d0-4661-a65a-8bc46cd36bb5.png,Jababeka & Co,Kab. Bekasi,https://kampusmerdeka.kemdikbud.go.id/program/magang/browse/a8d3adeb-06c9-40b3-a644-c3e9ef7d82e8/46fc74ae-fdff-11ee-9648-aa9bf47860c9
Accounting & Cost Control Intern,https://storage.googleapis.com/kampusmerdeka_kemdikbud_go_id/mitra/mitra_7fb9a37a-55d0-4661-a65a-8bc46cd36bb5.png,Jababeka & Co,Kab. Kepulauan Morotai,https://kampusmerdeka.kemdikbud.go.id/program/magang/browse/a8d3adeb-06c9-40b3-a644-c3e9ef7d82e8/9341eb42-f236-11ee-9129-da28f9df4d8d
"Finance, Accounting, and Tax Admin",https://storage.googleapis.com/kampusmerdeka_kemdikbud_go_id/mitra/mitra_7fb9a37a-55d0-4661-a65a-8bc46cd36bb5.png,Jababeka & Co,Kab. Bekasi,https://kampusmerdeka.kemdikbud.go.id/program/magang/browse/a8d3adeb-06c9-40b3-a644-c3e9ef7d82e8/1a1db4df-02d2-11ef-98a1-c2fa75b94ea6
Tax Intern,https://storage.googleapis.com/kampusmerdeka_kemdikbud_go_id/mitra/mitra_7fb9a37a-55d0-4661-a65a-8bc46cd36bb5.png,Jababeka & Co,Kab. Bekasi,https://kampusmerdeka.kemdikbud.go.id/program/magang/browse/a8d3adeb-06c9-40b3-a644-c3e9ef7d82e8/4b278f71-01e3-11ef-98a1-c2fa75b94ea6
Finance Intern,https://storage.googleapis.com/kampusmerdeka_kemdikbud_go_id/mitra/mitra_7fb9a37a-55d0-4661-a65a-8bc46cd36bb5.png,Jababeka & Co,Kab. Bekasi,https://kampusmerdeka.kemdikbud.go.id/program/magang/browse/a8d3adeb-06c9-40b3-a644-c3e9ef7d82e8/ba7323e7-021c-11ef-98a1-c2fa75b94ea6
Business Development Internship : Project Investment & Marketing Support ,https://storage.googleapis.com/kampusmerdeka_kemdikbud_go_id/mitra/mitra_7fb9a37a-55d0-4661-a65a-8bc46cd36bb5.png,Jababeka & Co,Kab. Bekasi,https://kampusmerdeka.kemdikbud.go.id/program/magang/browse/a8d3adeb-06c9-40b3-a644-c3e9ef7d82e8/f2e6fffc-fd3d-11ee-8a41-f67d68bd6616
Accounting,https://storage.googleapis.com/kampusmerdeka_kemdikbud_go_id/mitra/mitra_22c20727-4d0e-411f-9f3b-1a186913f23b.png,Harper Malioboro Yogyakarta,"Gowongan, Kota Yogyakarta, DI Yogyakarta",https://kampusmerdeka.kemdikbud.go.id/program/magang/browse/8b3b899b-dcc8-4d96-8081-9bb2c2fd37cf/831f06a1-0177-11ef-9733-ca7bef2c0196
Intern Tax Officer,https://storage.googleapis.com/kampusmerdeka_kemdikbud_go_id/mitra/mitra_c80c2219-0842-4ed0-91f6-31f13a51d45e.png,Sekolah.mu,Kota Jakarta Selatan,https://kampusmerdeka.kemdikbud.go.id/program/magang/browse/c2bfb0e4-c49c-4e14-abf7-74d21f0aaa05/fc3a2174-fcb9-11ee-a952-826af48335a7
Accounting Officer ,https://storage.googleapis.com/kampusmerdeka_kemdikbud_go_id/mitra/mitra_c80c2219-0842-4ed0-91f6-31f13a51d45e.png,Sekolah.mu,Kota Jakarta Selatan,https://kampusmerdeka.kemdikbud.go.id/program/magang/browse/c2bfb0e4-c49c-4e14-abf7-74d21f0aaa05/05f14010-fcbe-11ee-be48-1676ae1015eb
Junior Finance Administrator,https://storage.googleapis.com/kampusmerdeka_kemdikbud_go_id/mitra/mitra_f0da63bb-b2f4-4522-af2f-a6559db8776a.png,Indekstat,Kota Jakarta Selatan,https://kampusmerdeka.kemdikbud.go.id/program/magang/browse/ab23b65c-5114-447b-9ed1-f47cb7e29cc2/228d6ef1-02ba-11ef-829a-72f05e45eff5
Junior Accounting staff,https://storage.googleapis.com/kampusmerdeka_kemdikbud_go_id/mitra/mitra_312a21d2-d9c2-438f-8b2e-fd002e61a887.png, ,Kota Jakarta Barat,https://kampusmerdeka.kemdikbud.go.id/program/magang/browse/9521e331-1014-4f9f-b783-4b0008083ec1/62f0cd78-042a-11ef-bb7f-6ac06bc5928b
Business & Financial Planning Analyst,https://storage.googleapis.com/kampusmerdeka_kemdikbud_go_id/mitra/mitra_312a21d2-d9c2-438f-8b2e-fd002e61a887.png, ,Kota Jakarta Timur,https://kampusmerdeka.kemdikbud.go.id/program/magang/browse/9521e331-1014-4f9f-b783-4b0008083ec1/17e8a085-0121-11ef-9755-7a1b22fe1d7a
Finance & Accounting Internship Program,https://storage.googleapis.com/kampusmerdeka_kemdikbud_go_id/mitra/mitra_312a21d2-d9c2-438f-8b2e-fd002e61a887.png, ,Kota Jakarta Timur,https://kampusmerdeka.kemdikbud.go.id/program/magang/browse/9521e331-1014-4f9f-b783-4b0008083ec1/6e9ef723-0150-11ef-ac63-7e456e52b7d0
